cabinet maker,ébéniste,ابنوسي,ﺻﺎﻧﻊ اﻷﺛﺎث اﻟﻔﺎﺧﺮ ﻣﻦ اﻷﺧﺸﺎب اﻟﺜﻤﻴﻨﺔ ﻛﺎﻷﺑﻨﻮس واﻷﻛﺎﺟﻮ وﺧﺸﺐ اﻟﻮرد
archaeologist,archéologue,آثاري,اﻟﻌﺎُلم ﺑﺎﻵﺛﺎر واﻟﺘﻨﻘﻴﺐ ﻋﻨﻬﺎ ودراﺳﺘﻬﺎ
paleontologist,paléontologue,أﺣﺎﻓﲑي,عالم منتخصص في دراسة أشكال الحياة في العصور الجيولوجية المتتالية الغابرة
forester,forestier,أﺣﺮاﺟﻲ,ﻣَﻦ ﻳﺘﻮﱃ ﲪﺎﻳﺔ اﻷﺣﺮاج واﻟﻐﺎﺑﺎت ورﻋﺎﻳﺘﻬﺎ
man of letters,homme de lettres,أديب,من صنعته الأدب، وهو فن النثر و الشعر
professor,professeur,استاذ,من يتولى التدريس في الجامعة أو المعاهد العليا، وهي أعلى رتبة أكاديمية
bishop,évêque,أﺳﻘﻒ,رتبة دينية كنسية
cobbler,savetier,إﺳﻜﺎﰲ,مصلح الأحذية
framer,encadreur,أطار,من يُؤَطِّر الصور واللوحات
fireman,Pompier,إطفائي,ﻣَﻦ ﻳﻘﻮم ﺑﺈﻃﻔﺎء الحرائق وﺑﺄﻋﲈل اﻟﺪﻓﺎع
economist,économiste,اﻗﺘﺼﺎدي,خبير متخصص في استثمار الأموال وإعداد المشاريع الإنتاجية
admiral,amiral,امير البحر (اميرال),قائد قوة بحرية
registrar,greffier,أمين السجل,من يتولى الحفاظ على الوثائق المدونة
secretary,secrétaire,امين السر,موظف يحفظ السجلات وينظم الاجتماعات ويعدّ الإجابة عن المراسلات
curator,conservateur,أمين المتحف,من يدير متحفًا ويحافظ على مقتنياته
storekeeper,magasinier,أمين المستودع,اﳌﺴﺆول ﻋﻦ ﺗﺴﻠﻢ ﻣﻮاد اﳌﺴﺘﻮدع وﺗﺴﻠﻴﻤﻬﺎ
cashier,caissier,أمين صندوق,ﻣﻮﻇﻒٌ ﰲ ﻣﺆﺳﺴﺔ أو ﴍﻛﺔ أو ﳏﻞ ﲡﺎري ﻳﺘﻮﱃ أﻣﻮر اﻟﺘﻌﺎﻣﻞ اﻟﻨﻘﺪي ﻣﻊ اﻟﺰﺑﺎﺋﻦ
general secretary,secrétaire général,أمين عام,ﻣَﻦ ﺗُﻌﻬﺪ إﻟﻴﻪ اﻟﺸﺆون اﻹدارﻳﺔ ﰲ ﻣﺆﺳﺴﺔ أو ﻣﻨﺸﺄة
archivist,archiviste,امين محفوظات (الارشيف),اﻟﻘﻴﻢ ﻋﲆ اﻟﺴﺠﻼت واﳌﺤﻔﻮﻇﺎت
seller,vendeur,بائع,من يبيع السلع المختلفة
packman,colporteur,بائع متجول,من يدعي التنبؤ بالغيب
ethnographer,ethnographe,باحث في الاثنيات,المتخصص في دراسة خصائص مجموعات بشرية لكل منها لغة و ثقافة مشتركة
maker,poudrier,بارودي,صانع البارود أو بائعه
papyrologist,papyrologue,بردياتي,المتخصص في قراءة النصوص المكتوبة على ورق البردي
clothier,marchand de tissus,بزّاز,تاجر الأقمشة
seedsman,grainier,بزّار,ناثر البزور
horticulturist,horticulteur,بستاني,من يعتني بالبساتين و نباتات الزينة
soothsayer,voyante,بصارة,من تدعي التنبؤ بالغيب
muleteer,muletier,بغّال,من يقوم على رعاية البغال و استخدامها
cowboy,bouvier,بقّار,من يربي الابقار او يرعاها
grocer,épicier,بقّال,بائع المواد الغذائية و الاحتياجات المنزلية
pavior,dalleur,بلّاط,من يكسو الارض او الجدران بنوع خاص من الحجارة او القاشاني (الزليج)
builder,maçon,بنّاء,مدير البناء و صانعه
acrobat,acrobate,بهلوان,البارع في العاب التوازن و المهارة في الحركة كالمشي على الحبل و القفز في الهواء
door keeper,concierge - portier,بوّاب,من يحفظ الباب ويحرسه ويلازمه
falconer,fauconnier,بيزار,من يدرب الطيور الجارحة على الصيد، ويصيد بها
farrier,maréchal ferrant,بيطار,من يحذو حوافز الخيل بإمعانها
veterinarian,vétérinaire,بيطري,طبيب مجاز في الصحة الحيوانية
well digger,puisatier,بيّار,حافر الآبار و مصلحها
merchant,marchand,بيّاع,من يشتري البضائع ويبيعها
tradesman,commerçant,تاجر,من يدرس أعمال البيع والشراء والاستيراد والتصدير
pedagogue,pédagogue,تربوي,المتخصص في علم التربية والمناهج وطرق التدريس والوسائل التعليمية
interpreter,interprète,ترجمان,من يقوم بأعمال الترجمة الفورية أو التتابعية من لغة إلى أخرى
date merchant,Marchand de dattes,تمّار,بائع التمر
icecream maker,glacier,ثلّاج,صانع الحلويات والمربيات أو بائعها
tax collector,precepteur,جابي,محصل الضرائب ونحوها
cheesemonger,fromager,جبّان,صانع الجبن أو بائعه
surgeon,chirurgien,جرّاح,طبيب متخصص في المعالجات الجراحية
butcher,boucher,جزّار,من يذبح الحيوانات ويعدَّ لحومها للبيع
plasterer,plâtrier,جصّاص,من يعمل في صناعة الجص طلاءً أو زخرفةً
tamer of monkey,dresseur,جعيدي,مربّي القرود والدّببة (مؤسسة)
geographer,géographe,جغرافي,المتخصص في علم الجغرافيا، دراسة الأرض من حيث التضاريس والموارد والتقسيمات
currier,corroyeur,جلّاد,من ينظف الجلود المدبوغة ويلينها ويعدها للاستخدام
customs officer,douanier,جمركي,من يعمل في إدارة الجمارك ويجمع المكوس على البضائع
cameleer,chamelier,جمّال,من يرعى الإبل ويسوقها
gardener,jardinier,جنائني,من يتولى العناية بالحدائق والبساتين وغرس النباتات فيها
jeweller,bijoutier,جواهري,بائع الحلي من المعادن الثمينة والأحجار الكريمة
clothier,drapier,جوخي,صانع الأقمشة الصوفية وبائعها
diamond cutter,diamantaire,جوهري الماس,من يصنع الألماس بقطعه وحكه لإعطائه شكلاً فنياً
weaver,tisserand,حائك,من ينسج بالنول قمشًا
chamberlain,chambellan,حاجب,من يقوم على أبواب الملوك والمحاكم
warden,gardien,حارس,من يتولى مراقبة المحال والبيوت ونحوها ويحفظها من السرقة والتخريب
magistrate,magistrat,حاكم,موظفٌ تؤول إليه الدولة صلاحيات السهر على تطبيق القانون
ropemaker,cordier,حبّال,صانع الحبال من الألياف أو الشعر ونحوه و بائعها
quarrier,carrier,حجّار,من يقطع الصخور بأحجام متنوعة للنحاتين أو البنائين بحسب أنواعها
cupping glasser,poseur de ventouses,حجّام,من يعالج بالحجامة، وهي امتصاص الدم بالمحاجم بغرض المداواة
blacksmith,forgeron,حدّاد,من يعالج الحديد ليصنع منه الأدوات
shoe dealer,chausseur,حذّاء,بائع الأحذية
sylviculturist,sylviculteur,حراجي,المختص بزراعة الأحراج ورعايتها
plowman,laboureur,حرّاث,من حرفته حراثة الأرض وإعدادها للزراعة بالفلاحة ونحوها
guards,garde,حرس,مجموعة من الأفراد مهمتها حراسة الأفراد الرسمية والمؤسسات
artisan,artisan,حرفي,من يمتهن صنعة يدوية بمهارة
packer,emballeur,حزّام,من يقوم بحزم البضائع ولطفها وجمعها في رزمة
upholsterer,Nattier - tapissier,حصري,صانع الحصر أو بائعها
reaper,moissoneur,حصّاد,من يحصد سوق القمح والشعير ونحوهما بقطع سوقها
lumberjack,bûcheron,حطّاب,قاطع الحطب وجامعه أو بائعه
sculptor,sculpteur,حفّار الخشب,نحات الأسطح الخشبية بأشكال فنية
digger,fossoyeur,حفّار القبور,من مهنته إعداد المدافن
milkman,laitier,حلّاب,بائع الحليب أو موزعه
carder,cardeur,حلاّج,من يندف القطن ويستخرج حبه والحرفة الحلاجة
barber,coiffeur,حلّاق,من مهنته قص الشعر وتصفيفه
pastry cook,pâtissier,حلواني,صانع أصناف الحلوى أو بائعها
carrier,porteur,عتّال,من يتولى نقل البضائع بجهد عضلي
coachman,cocher,حوذي,من يقود عربة تجرها الخيول
domestic,domestique,خادم,من يقوم بأعمال الخدمة في المنزل
servant,servante,خادمة,من تستخدم للعمل في بيت أو نحوها
agrologist,agrologue, ﺧبير ﺗﺮﺑﺔ,المختص بدراسة التربة الزراعية
hardware keeper,quincaillier,ﺧُﺮْدَويّ,بائع اللوازم المنزلية الصغيرة والخفيفة
bead maker,fabriquant de verroteries,خرّاز,صانع الخرز أو بائعه
turner,tourneur,ﺧﺮّاط,من حرفته تسوية المعادن أو الأخشاب وتنعيمها في الصناعة
creamist,ceramiste,ﺧﺰّاف,"صانع الآنية الخزفية وبائعها
"
greengrocer,marchand de legumes,ﺧَُﴬيّ,"من يبيع الخضروات والفواكه في دكان أو محل تجاري
"
calligraphist,calligraphe,خطاط,من حرفته الكتابة الفنية بأنواع الخطوط
pickles maker,vinaigrier,مخللاتي,صانع الخل والخراوات المُخَللة وبائعها
innkeeper,cabaretier,خمّار,من يدير الحانة، وهي مكان تقدم فيه المشروبات الروحية ومقبلاتها
tent maker,fabriquant,خيّام,من يصنع الخيام أو يبيعها
tailor,tailleur,خيّاط,من يحترف مهنة الخياطة الرجالية
seamstress,couturière,خيّاطة,من يحترف مهنة الخياطة النسائية
horseman,cavalier,خيّال,من يركب الخيول للتنقل أو التريض
pin maker,épinglier,دبابيسيّ,صانع الدبابيس أو بائعها. والدبوس أداة من معدن عادةً تكون على هيئة المسمر الصغير أو الإبرة.
molasses,fabriquant,دبّاس,ﺻﺎﻧﻊ اﻟﺪﺑﺲ أو ﺑﺎﺋﻌﻪ.
tanner,tanneur,دبّاغ,ﻣﻦ ﻳﺘﻌﺎﻃﻰ حرفة الدباغة وهي معالجة الجلود و إعدادها للاستعمال و البيع
diplomat,diplomate,دبلوماسي,من تعينه دولته ليمثلها لدى دولة أخرى.
gendarme,gendarme,دركي,رجل يمثّل الأمن في المدينة الصغيرة لتطبيق القانون.
real estate agent,agent foncier,دلّال,َمن حرفته التعريف بـم يباع أو يُؤجر لقاء أجر محدّد.
guide,guide,مرشد,َمن يرشد السياح ونحوهم إلى الأماكن التي يريدونها.
archbishop,archevêque,رئيس الاساقفة,رتبة دينية عليا في الكنيسة.
astronaut,astronaute,رائد فضاء,َمن يقوم برحلة علمية في مركبة فضائية خارج نطاق الجاذبية الأرضية.
jockey,jockey,ركيض,َمن يمتهن ركوب الخيل في السباقات.
shepherd,berger,راعي,من يرعى المواشي و يحرسها
dancer,danseur,راقص,من يحترف الرقص
exorcist,exorciste,راقي,َمن يحترف الرقية، وهي معالجة المرض بالأدعية والقراءة.
businessman,entrepreneur,رجل اعمال,َمن يُنشئ مشاريع إنتاجية ربحية.
detective,détective,متحري,رجل مكلف بجمع معلومات وأدلة حول واقعة ما.
sketcher,dessinateur,رسّام,َمن يرسم بالقلم أشكالاً أو خطوطاً هندسية.
painter,peintre,دهّان,فنان يرسم اللوحات الزيتية والمائية وغيرها مستخدمًا الألوان.
caricaturist,caricaturiste, رسّام ساخر,َمن يرسم صورًا ساخرة ناقدة.
mender,repriseur,رفّاء,"من حرفته لأعمال الخَرْق وإصلاحها في الثوب ونحوه، وهو ""الرتّا""."
rolling mill operator,lamineur,رقّاق,َمن يعمل في ترقيق المعادن لتحويلها إلى صفائح.
tripe butcher,tripier,روّاس,َمن يبيع رؤوس الذبائح والأكارع والحوايا ونحوها نيئة أو مطهوةً.
scavenger,eboueur - boueux,زبّال,َمن يجمع القمامة من الطرقات والبيوت.
glassmaker,vitrier,زجّاج,صانع الزجاج أو بائعه.
agriculturist,agriculteur,زراعيّ,َمن يعمل في الإنتاج الزراعي عِوَج اختلاف أنواعه.
mender,remailleur,زرّاد,صانع الزرد وحلقات المعدنية عامًة
florist,fleuriste,زهّار,بائع الأزها‌ر ونباتات الزينة.
oilman,huilier,زيّات,عاصر الزيت وبائعه.
stableman,palefrenier,سائس,َمن يقوم على خدمة الخيول.
driver,chauffeur,سائق,َمن يقود السيارة ونحوها.
ka'ba door keeper ,employé de la ka'ba,سادّن,خادم المكان المقدس وزواره.
watchmaker,horloger,ساعاتيّ,صانع الساعات أو مصلّحها.
postman,facteur,ساعي البريد,موزع البريد والرسائل ونحوها.
plumber,plombier,سبّاك,َمن يركب التجهيزات الصحية ويصلحها.
lampmaker,lampiste,سرّاج,صانع السروج(ج. سراج) والقناديل وبائعها.
saddler,sellier,سروجيّ,صانع السروج واللوازم الجلدية.
shipbuilder,constructeur de navires,سفّان,صانع السفن والقوارب الخشبية.
water barer,porteur d'eau,سقّاء,َمن كان عمله نقل الماء إلى البيوت ونحوها.
roofer,couvreur,سقّاف,َمن حرفته بناء السطوح والسقوف من مواد مختلفة كالخشب والقرميد والطين.
confectioner,confiseur,سكاكريّ,صانع الفاكهة المجففة والنقول السكرية أو بائعها.
cutler,coutelier,سكاكينيّ,صانع السكاكين ونحوها من الأدوات الحادة أو مصلحها أو بائعها.
founder,fondeur,سكّاب,َمن يصهر المعادن والأشابة ويصُبها في قالب.
coiner,monnayeur,سكّاك,َمن يصنع النقود أو طباعة.
basket worker,vannier,سلّال,ﻣﻦ ﻳﺰرع اﻟﻐﺮاس أو اﻟﻔﺴﺎﺋﻞ ﻟﺒﻴﻌﻬﺎ.
horse dealer,maquignon,سمسار خيل,الوسيط في بيع الخيول وبيعها.
fishmonger,poissonnier,سماّك,بائع السمك وثمر البحر.
grocer,épicier,سمّان,بائع السمن ومشتقات الألبان.
script writer,scénariste,سناريّ,كاتب يضع فصول عمل تمثل بدقائقها الحوارية والحركية ومؤثراته الصوتية.
brewer,brasseur,سوبي,صانع الجعة وبائعها، والجعة هي النبيد المتخذ من الشعير، والسوبية هي النبيد المتخذ من الرز.
armourer,armurier,سيوفيّ,صانع السيوف أو بائعها.
shroud merchant,marchand de linceuls,سيّاء,بائع الأكفان والتوابيت ولوازم الموتى، والحرفة السياءة.
headsman,bourreau,سيّاف,مأمور تنفيذ أحكام القصاص بالسيف.
sheep breeder,éleveur,شاويّ,َمن يرعى الغنم والشياه.
nursery man,pépiniériste,شتّال,َمن يزرع الغراس أو الفسائل لبيعها.
loader,chargeur,شحّين,َمن مهنته شحن البضائع المختلفة.
soft drinks leader,limonadier,شراباتيّ,َمن يبيع عصير الفواكه.
policeman,policier,شرطيّ,فرد في قوة حفظ الأمن في البلاد.
spinner,fileur,شعّار,َمن يغزل الشعر خيوطًا.
skin dresser,peaussier,شلّاح,َمن يعدّ الجلود للدبغ.
griller,rôtisseur,شوّاء,محترف إنضاج اللحوم بمباشرة النار.
gleaner,glaneur,شوّار,َمن يلتقط أو يجمع الثمر في مواسمها.
goldsmith,orfèvre,صائغ,َمن حرفته الصياغة، وهي عمل الحلي من فضة وذهب ونحوها.
restaurateur,restaurateur,صاحب مطعم,َمن يمتلك مكانًا يقدم الطعام فيه بثمن.
gunsmith,armurier,صانع اسلحة,َمن يصنع أدوات القتال أو يبيعها أو يصلحها.
modeller,maquettiste,صانع نماذج,َمن يصنع نموذجًا مصغرًا أو ثلاثي الأبعاد لمنزل أو آلة أو إعلان.
dyer,teinturier,صبّاغ,َمن حرفته صبغ الثياب ونحوها.
soap manufacturer,savonnier,صبّان,صانع الصابون.
plate maker,fabriquant d'assiettes,صحّاف,صانع الصحاف أو بائعها، وهي القصاع وأواقي الطعام.
journalist,journaliste,صحفي,من يزاول مهنة الصحافة، وهي مهنة من يكتب في صحيفة أو مجلة أو يجمع الأخبار والآراء وينشرها في إحداهما.
tinker,ferblantier,صفّاح,من يصنع الأدوات والأواني المنزلية من الصفائح ونحوه.
coppersmith,chaudronnier,صفّار,صانع اللحلى النحاسية.
lapidary,lapidaire,صقّال,من يقطع الأحجار الكريمة ليصقلها بأشكال مناسبة.
molder,fondeur,صهّار,عامل بسيل المعادن بالحرارة ويصهرها في قوالب.
wool merchant,lainier,صوّاف,تاجر الصوف.
pharmacist,pharmacien,صيدلانيّ,المجاز في إعداد الأدوية وبيعها.
apothecary,apothicaire,صيدن,من حرفته إعداد وبيع المواد الداخلة في صناعة الأدوية، والحرفة الصيدنة أي العطارة. والشائع اليوم )صيدلة(.
money changer,changeur,صرّاف,من يبيع النقود ويشترى أو يحولها إلى جهة أخرى.
burnisher,brunisseur,صيّقل,من يجلو المعادن ويلمعها،)ج. صياغلة وصياقل(
hunter,chasseur,صيّاد,من يمارس الصيد البري.
fisherman,pêcheur,صيّاد سمك,من يمارس الصيد البحري.
croupier,croupier,ضرّيب,المشرف على موائد القمار.
printer,imprimeur,طبّاع,من حرفته طباعة الكتب وسواها.
cook,cuisinier,طبّاخ,من مهـنته طهـو الطعام بأنواعه.
topographer,topographe,طبغرافي,الخبير بوصف التضاريس الجغرافية للأراضي ورسم خرائطها.
physician,medecin,طبيب,من يشخص الأمراض البشرية ويعالجها.
otologist,otologue,طبيب اذنية,طبيب متخصص في أمراض الأذن تشخيصا ومعالجة.
dentist,dentiste,اسنان اسنان,طبيب متخصص في مداواة الأسنان وجراحتها
radiologist,radiologue,طبيب اشعة,طبيب متخصص في استعمال الأشعة في تشخيص الأمراض أو معالجة المريض.
pediatrician,pediatre,طبيب اطفال,طبيب متخصص في معالجة أمراض الأطفال منذ الولادة حتى سن المراهقة.
dermatologist,dermatologiste,طبيب جلدية,طبيب متخصص في معالجة أمراض الجلد.
rheumatologist,rhumatologue,طبيب رثية,طبيب متخصص في دراسة الأمراض والالتهابات المفصلية وتشخيصها ومعالجتها.
pneumatologist,pneumatologue,طبيب صدرية,طبيب متخصص في أمراض الرئة وجهاز التنفس.
neurologist,neurologue,طبيب عصبية,طبيب متخصص في أمراض الجهاز العصبي
orthopedist,orthopediste,طبيب عظام,طبيب متخصص في معالجة أمراض العظام
oculist,oculiste,طبيب عيون,طبيب متخصص في معالجة أمراض العيون وعيوب الرؤية
cardiologist,cardiologue,طبيب قلبية,طبيب متخصص في أمراض القلب
nephrologist,nephrologue,طبيب كلى,طبيب متخصص في أمراض الكلى ومعالجتها
psychiatrist,psychiatre,طبيب نفساني,طبيب الأمراض النفسية
miller,meunier,طحّان,من يطحن الحبوب ويحولها إلى دقيق
embroiderer,brodeur,طرّاز,من يوشي الثياب ونحوها بخيوط الحرير أو بأسلاك الذهب أو الفضة ونحوها
aviator,aviateur,طيّار,قائد الطائرة أو أحد أفراد طاقمها.
plasterer,platreur,طيّان,من يعِد الطين ويطلي به الجدران.
pianist,pianiste,عازف بيانو,الموسيقي الذي يعزف على البيانو
osteologist,osteologue,عالم بالعظام,طبيب متخصص في معالجة أمراض العظام.
entomologist,entomologiste,عالم حشرات,متخصص في دراسة الحشرات والإلمام بتصنيفاتها وطرق معيشتها ومكافحتها.
demographer,demographe,عالم سكان,الخبير في علم السكان (الديموغرافيا).
ornithologist,ornithologue,عالم طيور,المتخصص في دراسة الطيور بأنواعها المختلفة.
pharmacologist,pharmacologue,عالم عقاقير,المتخصص في علم الأدوية (تركيبيها واستخدامها وتأثيرها).
psychologist,psychologue,عالم نفساني,المتخصص في علم النفس.
telephonist,telephoniste ,عامل مقسم,موظف ينظم توزيع المكالمات الهاتفية.
bargee,marinier,عبّار,من يقود عبارة نهرية لنقل الأشخاص والبضائع.
kneader,petrisseur,عجّان,من مهنته العجن، أي خلط الماء بالدقيق حتى يتماسك ويصلح للخبز.
carter,charretier,عرباتيّ,من يقود عربة لنقل الأشياء.
seer,voyant,عرّاف,من يدعي قراءة الغيب.
military,militaire,عسكري,من امتهن العمل في القوات المسلحة.
herbalist,herboriste,عشّاب,جامع الأعشاب الطبية والعطرية وبائعها، ومن يدواي بها.
bird seller,oiseleur,عصافيريّ,جامع الطيور وبائعها.
perfumer,parfumeur,عطريّ,صانع العطور أو بائعها.
herbalist,herboriste,عطّار,بائع المواد الطبيعية والأعشاب التي تستعمل في علاج بعض الأمراض.
haberdasher,passementier,عقّاد,من يصنع من الخيوط المغزولة ومزوقات الألبسة والمفروشات ويبيع الأزرار والكلف.
fodder merchant,marchand de fourrage,علّاف,من يبيع أغذية الحيوان من الحبوب ونحوها.
worker in ivory,ivoirier,عوّاج,من ينقش على العاج ويزينه.
locksmith,serrurier,غالاتيّ,من يصنع الأقفال أو يبيعها (مو).
spinner,fileur,غزّال,من يغزل الصوف أو القطن ونحوها خيوطًا.
washerwoman,lavandiere,غسّالة,عاملة تغسل الثياب مقابل أجر.
diver,plongeur,غوّاص,من حرفته الغطس في الماء لاستخراج شئ ما.
worker,ouvrier journalier,فاعل,عامل يدوي غير متخصص بمهنة، يعمل مياومة.
fruiterer,fruitier,فاكهانيّ,من يبيع الفاكهة في دكان أو محل تجاري.
pyrotechnist,artificier,فتاشيّ,صانع الألعاب النارية ومصممها ومطلقها للزينة في الاحتفالات
thrower,moulinier,فتّال,جدال الحرير.
coal dealer,charbonnier,فحّام,صانع الفحم أو بائعه.
trapper,trappeur,فخّاخ,من يصيد الحيوان البري بالفخ.
potter,potier,فخّاخري,صانع الفخار وبائعه.
furrier,fourreur,فرّاء,صانع ملابس الفقراء وبائعها.
baker,boulanger,فرّان,من يصنع الخبز والمعجنات.
devisee,executeur,فرضيّ,الخبير الذي يعمل في توزيع المواريث أو تحديد حقوق الارتفاق وتكاليفها.
blood letter,saigneur,فصّاد,من يستخرج الدم من الحيوان لأغراض شتى.
pie maker,patissier,فطايريّ,صانع الفطائر أو بائعها.
jurist,juriste,فقيه قانونيّ,الفقية المتمرس في الشؤون القانونية.
astronomer,astronome,فلكيّ,المشتغل بعلم الفلك ودراسة الكواكب والنجوم.
artist,artiste,فنان,من يحترف الفن من رسم أو نحت أو تمثيل أو موسيقى أو غناء ويبدع فيها.
laboratory technician,laborantin,فني مخبري,تقني يعمل في مختبر للفحوص والتحاليل
orchestra leader,chef d'orchestre,قائد اوركسترا,من يقود فرقة موسيقية.
tracker,depisteur,قائف,القصاص الذي يتتبع الأثر، والحرفة القيافة.
midwife,accoucheuse,قابلة,"المرأة التي تساعد الحامل عند الولادة، وأطلق عليها قديمًا اسم ""الداية""."
judge,juge,قاضي,من ينظر في الدعوى القضائية ويصدر الأحكام فيها طبقًا للقانون.
clogmaker,sabotier,قباقيبيّ,صانع القباقيب وبائعها، والقواب حذاء خفيف خشبي بسير جلدي
deep sea captain,commandant de brod,قبطان,من يقود الطائرة أو السفينة ويعرف على شؤونها.
pirate,pirate,قرصان,من يسطو على السفن في البحار ويهاجم اليابسة من البحر.
cericulture,sericiculteur,قزّاز,ناسج القز وبائعه.
launderer,blanchisseur,قصّار,من مهنته تبييض الثياب وغسلها وكويها.
peanut seller,marchand de pepins,قضماني,صانع القضامة والمحموصات، كالفول السوداني والأبزار، وبائعها.
pancake maker,crepier,قطيفاني,ﺻﺎﻧﻊ اﻟﻘﻄﺎﺋﻒ واﻟﻜﻨﺎﻓﺔ وﺑﺎﺋﻌﻬﺎ.
hatter,chapelier,قلاتسي,ﺻﺎﻧﻊ اﻟﻘﻼﻧﺲ واﻟﻘﺒﻌﺎت وﺑﺎﺋﻌﻬﺎ.
fryer,fritteur,قلّاء,من ﻳﻘلي اللحوم و الخضروات او يبيعها
lamp maker,lampiste,قناديليّ,ﺻﺎﻧﻊ ُ اﻟﻘﻨﺎدﻳﻞ أو ﺑﺎﺋﻌﻬﺎ.
sacristain,sacristain,قندلفت,ﻣَﻦ يخدم اﻟﻜﻨﻴﺴﺔ وﻳضيء اﻟﻘﻨﺎدﻳﻞ ﻓﻴﻬﺎ.
canalizer,canalisateur,قنواتي,ﻣَﻦ ﻳﺘﻌﻬﺪ إﺻﻼح اﻟﻘﻨﻮات ومجاري المياه وﺗﻨﻈﻴﻔﻬﺎ.
cafe owner,cafetier,قهواتي,ﺻﺎﺣﺐ ُ ﻣﻘﻬﻰ.
kawwas,kawwas,قوّاص,اسم كان يطلق على مرافق القناصل و هم ممثلو الدول الاجنبية و مرافق اصحاب الرتب الدينية العالية
chansonnier,chansonnier,قوّال (اغوانيّ),فنانٌ يؤلف أغاني ناقدةً يؤديها على المسرح.
tar-worker,goudronneur,قيّار,"ﻣَﻦ ﻳﺼﻨﻊ اﻟﻘﺎر ""اﻟﺰﻓﺖ"" أو ﻳﻄلي ﺑﻪ"
surveyor,metreur,قيّاس,ﻣَﻦ ﻋﻤﻠﻪ اﻟﻘﻴﺎس في المنشات.
administrator,administrateur,قيّم,المﺴﺆول ﻋﻦ اﻟﺸﺆون المﺎﻟﻴﺔ واﻹدارﻳﺔ في ﻣﺆﺳﺴﺔ ﻋﺎﻣﺔ أو ﺧﺎﺻﺔ.
librarian,bibliothecaire, قيّم المكتبة,القائم على شؤون المكتبة إدارةً وتصنيفًا
writer,ecrivain,كاتب,من يؤلّف نصًّا أدبيًّا أو فكريًّا.
notary,notaire,كاتب بالعدل,موظفٌ عدليٌّ مهمّته الرئيسية توثيق العقود والمستندات.
dialog writer,dialoguiste,كاتب حواري,مَن يُحوِّل الرواية إلى حوارٍ يصلح للتمثيل المسرحي أو السينمائي.
letter writer,ecrivain public,كاتب عرائض,ﻣَﻦ ﻳﻨﻮب ﻋﻦ اﻵﺧﺮﻳﻦ في تحﺮﻳﺮ ﻃﻠﺒﺎتهﻢ.
clerk,greffier,كاتب محكمة,مَن يَـنوب عن الآخرين في تحرير طلباتهم.
bookseller,libraire,كتبيّ,مَن يتولى التسجيل في الدواوين والدوائر القضائية.
viticulturist,viticulteur,كرّام,ﺻﺎﺣﺐ ﻣﻜﺘﺒﺔ أو ﺑﺎﺋﻊ ﻛﺘﺐ.
stone breaker,casseur de pierre,كسّار,ﺻﺎﺣﺐ ﻛﺮوم اﻟﻌﻨﺐ.
line-kiln worker,chaufournier,كلّاس,مَن حرفته تكسير الصخور أو تفكيك الآلات القديمة.
sweeper,balayeur,كنّاس,مَن يقوم بتنظيف الطرق العامة.
electrician,electricien,كهربائي,مَن حرفته الاشتغال بالأعمال الكهربائية.
chemist,chimiste,كيميائي,المتخصص في الكيمياء وتطبيقاتها.
dialectologist,dialectologue,لهجاتي,عالم متخصص في دراسة اللهجات.
private tutor,precepteur,مؤدب,معلمُ الناشئةِ من أولاد الخاصة وعلية القوم
historian,historien,مؤرخ,من يدون الأحداث التاريخية.
author,auteur,مؤلف,من يؤلف نصًا فكريًا أدبيًا كان أم علميًا.
shoe shiner,cireur,ماسح احذية,من حرفته تنظيف الأحذية وتلميعها.
make up girl,maquilleuse,ماشطة,التي تزين النساء عامةً، والعرايس خاصةً.
programmer,programmeur,مبرمج,من يصمم البرامج الحاسوبية.
tinsmith,etameur,مبيض,
parasitologist,parasitologue,متخصص في الطفيليات,عالم في الطفيليات.
knife grinder,repasseur,مجلّخ,
bookbinder,relieur,مجلّد,من يعمل بتجليد الكتب، وهو ضم أوراقها وتغليفها بالورق المقوى أو الجلد ونحوها.
accountant,comptable,محاسب,من مهنته المحاسبة المالية في مؤسسة عامة أو خاصة.
barrister,avocat,محامي, المجاز في القانون المرخص له رسمياً تمثيل أحد أطراف الخصومة في دعوى. 
text editor,editeur,محرر,من يعدّ النصوص تمهيدًا لنشرها أو إذاعتها.
taxcollector,precepteur,محصّل,من يجبي الرسوم والمستحقات.
psychoanalyst,psychanalyste,محلل نفسي,المتخصص بممارسة التحليل النفسي.
pointsman,aiguilleur,محول (في الخطوط الحديدية),العامل المكلف بتحويل الخطوط الحديدية.
producer,realisateur,مخرج,من يحول نصًا إلى عمل فني مسرحي أو سينمائي، ويشرف على تنفيذه.
chimney sweeper,ramoneur,مداخني,من حرفته تنظيف المداخن وإصلاحها.
governess,gouvernante,مدبرة منزل,من يعهد إليه برعاية الأطفال وتربيتهم.
attorney,procureur general,مدع عام,قاضٍ يمثل الدولة في الدفاع عن الحق العام.
chiropodiste,pedicure,مدرّم,من يقوم بتقليم أظافر القدمين والعناية بهما.
masseur,masseur,مدلّك,من يمسد الجسم للتمريض أو التنشيط أو التنظيف.
director,directeur,مدير,من يتولى مسؤولية إدارة مؤسسة حكومية أو خاصة أو مدرسة، وتصريف العمل فيها.
principal,principal,مدير مدرسة,من يتولى تصريف أمور مدرسةٍ متعددة المراحل.
gilder,doreur,مذهّب,من يحلي الأشياء الثمينة بالذهب.
sharecropper,metayer,مرابع,من يعمل في الأرض مقابل أجر أو نسبة من إنتاجها، وكانت في القديم بمقدار الربع.
reviser,reviseur,مراجع,من يعهد إليه النظر في نص مؤلف يراد نشره ليدقق في مادته ويصححها.
correspondent,correspondant,مراسل,من يمد مؤسسة إعلامية أو علمية أو إدارية بالأخبار والمقالات.
reporter,reporter,مراسل صحفي,من يمد الصحيفة بالأخبار والتحقيقات في موضوع ما.
controller,controleur,مراقب,من يقوم بملاحظة أداء أفراد أو هيئة.
air traffic controller,aiguilleur,مراقب جوي,المكلف بتوجيه مسار الطائرات.
comptroller,controleur,مراقب حسابات,من يراجع النفقات والحسابات في مؤسسة ما.
mirror dealer,miroitier,مرياتي,صانع المرايا أو بائعها.
educator,educateur,مربّي,من يعلم الناشئة ويعدهم.
pisciculturist,pisciculteur,مربي اسماك,من حرفته تربية الأسماك في أحواض، وإعدادها للنتاج أو الاستهلاك.
pediatric nurse,puericulteur,مربي اطفال,من مهنته تربية صغار الأطفال.
pigeon breeder,eleveur de pigeons,مربي حمام,مربي الحمام.
breeder,eleveur,مربي حيوانات,من حرفته تربية الحيوانات وإعدادها للنتاج أو الاستهلاك.
swineherd,porcher,مربي خنازير,من حرفته تربية الخنازير وإعدادها للنتاج أو الاستهلاك.
oysterman,ostreiculteur,مربي محار,من حرفته تربية المحار في أحواض.
governess,gouvernante,مربية اطفال,يعهد إليها برعاية الأطفال وتربيتهم.
crimper,sertisseur,مرصّع,من ينضد الجواهر في الحلي وغيرها.
restorer,restaurateur,مرمّم,من يحترف إصلاح القطع الفنية أو المباني الأثرية أو المخطوطات بإعادتها إلى حالتها الأولى.
farmer,fermier,مزارع,صاحب مزرعةٍ أو مستثمرها.
decorator,decorateur,مزخرف,من يعمل في تزويق أماكن السكن أو العمل بعناصر أو أشياء تضفي عليها مسحة جمالية.
maker up,maquilleur,مزوّق,من حرفته تجميل بشرة الوجه وتزيينها وتطريتها باستخدام المساحيق.
nailer,cloutier,مساميريّ,صانع المسامير أو بائعها.
investor,investisseur,مستثمر,من يوظف أمواله في مشاريع إنتاجية.
counselor,conseiller ,مستشار,ﺧﺒير ٌ ﻳُﺮﺟَﻊ إﻟﻴﻪ في داﺋﺮة اﺧﺘﺼﺎﺻﻪ
explorer,explorateur,مستكشف,من يقوم برحلات بغرض الدراسة أو الاستكشاف.
warper,ourdisseur,مسدّي,عامل أسدية (ج، سدى) في الأنوال.
surveyor,arpenteur,مسّاح,من يحسب مساحات الأراضي ويبين حدودها.
arboriculturist,arboriculteur,مشجّر,من يعمل في غرس الأشجار ورعايتها.
greaser,graisseur,مشحّم,المكلف تشحيم الآلات وتليينها بالزيوت الاصطناعية.
combmaker,peignier,مشّاط,صانع الأمشاط أو بائعها.
corrector,correcteur,مصحح,من يصحح الأخطاء المطبعية.
model designer,maquettiste,مصمم,من يخطط مجسمًا أوليًا لمشروع فني أو معماري أو نموذجًا طباعيًا لإعلان.
fashion designer,couturier,مصمم ازياء,صاحب مشغل أو مؤسسة لتصميم الملابس.
photographer,photographe,مصور,من حرفته التصوير.
speculator,speculateur,مضارب,من يعمل في تشغيل الأموال على الربح والخسارة.
hostess,hotesse,مضيفة,من تقوم على استقبال الركاب أو النزلاء وخدمتهم.
miller,minotier,مطاحنيّ,صناعي يختص بإنشاء المطاحن الآلية وإدارتها.
manicurist,manucure,مطرّف,من يعتني بتقليم أظافر اليدين وتزيينها.
parachutist,parachutiste,مظلّي,من يختص بالهبوط بالمظلة من الطائرة.
miner,mineur,معدّن,من يخرج المعدن من المناجم.
goatherd,chevrier,معّاز,من يربي المعزى أو يرعاها.
riding master,ecuyer,معلم فروسية,معلم ركوب الخيل ورياضة الفروسية.
sifter,bluteur,مغربل,من صناعتة تنقية الحبوب من الشوائب بالغربال ونحوه.
singer,chanteur,مغني,من يحترف الغناء.
inspector,inspecteur,مفتش,المكلف التحقيق في قضايا عدلية.
mosaic maker,mosaiste,مفصص – فسيفسائي,فني يصنع لوحات الفسيفساء الأرضية أو الجدارية.
silverer,argenteur,مفضّض,من يحلي الأشياء بطليها بالفضة.
presenter,presentateur,مقدّم برامج,من يتولى تقديم البرامج الإذاعية أو التلفزيونية من نشرات أخبار وبرامج حوارية وسواها.
navigator,navigateur,ملّاح,ﻣَﻦ ﻋﻤﻠﻪ ﻗﻴﺎدة اﻟﺴﻔﻦ.
aeronaut,aeronaute,ملّاح جوي,من يقود وسيلة نقل جوي.
salt merchant,salinier,ملاحاتي,من يعمل في صناعة الملح استخراجًا وإعدادًا للبيع.
solderer,soudeur,ملحّم,من حرفته وصل المعادن بالحرارة أو بغيرها.
attache,attache,ملحق,موظف منتدب إلى سفارة أو هيئة دبلوماسية للقيام بمهمة محددة (كالملحق الثقافي أو الملحق العسكري).
prompter,souffleur,ملقن,مساعد الممثل المسرحي في تذكر النص.
actor -  representant,acteur -  representant,ممثل,    1- من يزاول مهنة التمثيل على المسرح أو السينما أو التلفاز.    2-  من يفوّضه الجهة التي يعمل لديها لينوب عنها. 
nurse,infirmier,ممرض,شخص مؤهل يقوم بخدمة المرضى والسهر على علاجهم تحت إشراف طبي.
financier,financier,ممول,من يملك المال ويعمل في توظيفه.
towncrier,cireur public,منادي,من يُكلَّف بالنداء لإعلان أخبار أو بيانات للعامة.
filmmaker,cineaste,منتج سينمائي,من يدير او يملك مؤسسة للانتاج السينمائي
upholsterer,matelassier,منجد,من يصنع الفُرش ويحشو الوسائد والحشايا ويخيطها.
astrologer,astrologue,منجّم,من يدعي قراءة الغيب بالنظر في النجوم حسب مواقعها ومسارها.
delegate,delegue,مندوب,الممثل أو المفوض عن بلد أو مؤسسة في مؤتمر أو اجتماع أو عمل أو اتفاقية بين طرفين.
typographer,typegraphe,منضّد,من يصف الحروف يدويًا أو آليًا لتجهيزها للطباعة.
warper,lissier,منيّر,من يعمل على النِّيَرة؛ وهي من أدوات النساج.
engineer,ingenieur,مهندس,المتخصص في أحد العلوم الهندسية.
landscape designer,paysagiste,مهندس حدائق,من يقوم بتخطيط الحدائق وتنسيقها.
agronomist,agronome,مهندس زراعي,المتخصص في العلوم الزراعية.
supplier,fournisseur,موّرد,من يزور الباعة والمستهلكين بالسِّلَع.
deliveryman,livreur,موّزع,من يقوم بتسليم البضائع للزبائن وتجار التجزئة.
composer,compositeur,موسيقار,من يؤلف ألحانًا موسيقية.
musician,musicien,موسيقيّ,من حرفته عزف الألحان أو تأليفها.
employee,employe,موظف,من يعمل لدى مؤسسة حكومية أو أهلية أو أفراد، ويتقاضى أجرًا شهريًا.
mechanic,mecanicien,ﻣﻴﻜﺎﻧﻴﻜﻲّ,من حرفته صيانة الآلات وإصلاحها.
waiter,garcon de cafe,نادل,من يقوم على خدمة الناس في الأكل أو الشراب في الأماكن العامة والخاصة.
publisher,editeur,ناشر,من يقوم على نشر الكتب وبيعها.
critic,critique,ناقد,من ينظر في العمل الفني أو الأدبي ويحكم عليه.
carrier,transporteur,ناقل,مؤسسة تعمل في مجال نقل المسافرين أو البضائع.
flutist,flutiste,ناياتي,اﻟﻌﺎزف ﻋلى اﻟﻨﺎي.
sculptor,sculpteur,نحّات,من مهنته النحت، وهو إعطاء الحجر أو المعادن أشكالًا فنية.
coppersmith,dinandier,نحّاس,صانع الادوات النحاسية و بائعها
beekeeper,apiculteur,نحّال,مربي النحل و مستثمره
grammarian,grammairien,نحويّ,خبير في قواعد اللغة و تراكيبها
carder,cardeur,نداف,من ينفش القطن يدويًا أو آليًا.
inkeeper,aubergiste,نزلي,صاحب النزل، وهو الفندق.
genealogist,genealogiste,نسّابة,العالم بأنساب الأسر والقبائل وصلات القرابة بينها.
copier,copiste,نساخ,ﻣَﻦ ﻳﻨﻘﻞ ﻛﺘﺒﺎ ً وﻧﺼﻮﺻﺎ ً ﺑﺨﻂ ﻳﺪه.
sawyer,scieur,نشار,من يحترف تقطيع الخشب بالمنشار و اعداده للتصنيع
optician,opticien,نظّاراتي,المتخصص في البصريات و العدسات الطبية
shoemaker,cordonnier,نعّال,صانع الاحذية و مصلحها
glassblower,souffleur,نفاخ الزجاج,من يعطي شكلا للزجاج المصهور بالنفخ
engraver,graveur,نقّار,النقاش ولا سيما في الحجر
metal engraver,ciseleur,نقّاش,من حرفته النقش على المعادن لتزيينها
boater,canotier,نوتيّ,من يقود قاربا نهريا
weaver,tisserand,نوّال,النسّاج او الحائك اليدوي
documentalist,documentaliste,وﺛﺎﺋﻘﻲّ,من يقوم ببحث الوثائق ويصنفها لمصلحة جهه ما
editor,editeur,ورّاق,من حرفته الوراقة و هي صناعة الكتب نسخا و بيعا
weigher,peseur,قبّانيّ,من يقدر ثقل الاشياء بوساطة الميزان او القبان
broker,courtier,وسيط,من يسهل الصفقة بين البائع و المشتري
agent,agent,وكيل,من يمثل شركة او مؤسسة في عمل ما
