English Term,Arabic Title,Arabic Description
Artificial Intelligence (AI),ذكاء اصطناعي,أحد مجالات علوم الحاسب يهدف إلى إنشاء أنظمة يمكنها تنفيذ المهام التي تحتاج عادةً إلى الإدراك البشري، مثل التعلّم وصنع القرار والتطوير الذاتي، ويُشار إليه غالباً باسم “ذكاء الآلة”.
Machine Learning (ML),تعُّلم الآلة,مجموعة فرعية في الذكاء الاصطناعي تركز على تعليم الأنظمة رصد الأنماط في البيانات المتاحة، واتخاذ قرارات أو تقديم تنبؤات استناداً إلى بيانات جديدة دون برمجتها بشكل صريح.
Deep Learning,تعُّلم عميق,نموذج رقمي يعتمد على الذكاء الاصطناعي، ويحاكي البُنى العصبية البيولوجية في أدمغة الحيوانات، ويُطلق عليها أيضاً اسم “الشبكة العصبية”.
Artificial Neural Network (ANN),شبكة عصبية اصطناعية,أحد مجالات الذكاء الاصطناعي ويُعنى بتفسير أو توليد اللغة البشرية سواءً بصورة مكتوبة أو منطوقة.
Natural Language Processing (NLP),معالجة اللغات الطبيعية,أحد أساليب تعلُّم الآلة، والذي يحدد أفضل الاستراتيجيات من خلال نظام المكافآت والعقوبات، بهدف تحقيق أكبر قدر من المكافآت التراكمية.
Reinforcement Learning,تعُّلم تعزيزي,نوع من تعلّم الآلة، يستخدم مجموعة بيانات مُسماة لتعليم وتدريب نموذج على إجراء التنبؤات أو التصنيفات.
Supervised Learning,تعُّلم موَّجه,إحدى المنهجيات المستخدمة في مجال تعلّم الآلة، والتي تحدّد الهياكل الأساسية في مجموعة بيانات غير مُسماة.
Unsupervised Learning,تعُّلم غير موَّجه,أحد أساليب تعلّم الآلة يستخدم مزيجاً من البيانات المُسماة وغير المُسماة أثناء عملية التدريب.
Semi-supervised Learning,تعُّلم شبه موَّجه,نموذج لتعلّم الآلة يتكون من شبكتين عصبيتين مترابطتين، شبكة توليدية وشبكة تمييزية، تتنافسان في بيئة تحاكي الألعاب.
Generative Adversarial Network (GAN),شبكة توليدية تنافسية,بنية تعلّم عميقة مصممة لتحليل ومعالجة البيانات المرئية مثل الصور ومقاطع الفيديو.
Convolutional Neural Network (CNN),شبكة عصبية ترشيحية,بنية تعلّم عميقة مصممة لتحليل ومعالجة البيانات المرئية مثل الصور ومقاطع الفيديو.
Convolutional Neural Network (CNN),شبكة عصبية ترشيحية,تصميم شبكة عصبية يفسّر البيانات المتسلسلة عن طريق معالجتها عدة مرات لتمييز الأنماط.
Recurrent Neural Networks (RNNs),شبكة عصبية تكرارية,نوع من الشبكات العصبية التكرارية القادرة على التعامل مع تسلسل البيانات، مما يضمن الأداء الفعال لكل من التوابع الطويلة والقصيرة المدى.
Long Short-Term Memory (LSTM),الذاكرة القصيرة المدى المطولة,أسلوب في تعلّم الآلة يتم فيه تطبيق المعرفة المكتسبة من إحدى المهمات لتحسين الأداء في مهمة مختلفة ولكنها ذات صلة بالمهمة الأصلية.
Transfer Learning,تعُّلم منقول,عملية الاستخلاص التلقائي للسمات ذات المعنى المطلوبة لاكتشاف الخصائص أو تصنيفها من المدخلات الأولية.
Feature Engineering,هندسة الخصائص,معضلة تظهر عند محاولة الموازنة بين التحيُّز والتباين، مما يمنع النماذج الخاضعة للإشراف من التعميم الفعال خارج بيانات التدريب الخاصة بها.
Bias-Variance Tradeoff,موازنة التحُّيز-التباين,طريقة تُستخدم لتحسين الدَوَال من خلال التحرك بشكل متكرر في الاتجاه المعاكس للاشتقاق للعثور على الحد الأدنى لقيمة الدالة.
Gradient Descent,نزول اشتقاقي,أسلوب يُستخدم لتدريب الشبكات العصبية عن طريق تقليل الأخطاء وتحديد قيمة المشتقة لضبط حساب أوزان الشبكة، وغالباً ما يتم تسميته اختصاراً “الانتشار العكسي للأخطاء”.
Backpropagation,انتشار عكسي,معادلة رياضية تستخدم في الشبكات العصبية الاصطناعية لمعالجة المدخلات الموزونة للُعَقد وإنتاج المخرجات.
Activation Function,دالة تنشيط,دورة كاملة من التدريب على مجموعة البيانات بأكملها.
Epoch,دورة,مشكلة في تعلُّم الآلة تحدث عند تصميم النموذج بدقة شديدة ليناسب بيانات التدريب، مما يعيق قدرته على التعميم بفعالية على البيانات الجديدة.
Overfitting,فرط التخصيص,مشكلة في تعلُّم الآلة تحدث عندما لا يتمكن النموذج من التعرف على التعقيد الأساسي لبيانات التدريب، مما يؤدي إلى تنبؤات دون المستوى الأمثل.
Underfitting,فرط التعميم,أسلوب يُستخدم لردع فرط التخصيص من خلال تضمين قيود أو معلومات إضافية.
Regularization,ضبط,استراتيجية الحذف العشوائي لوحدات معينة في طبقة الشبكة أثناء تحديث مشتقة واحدة.
Dropout Regularization,ضبط الإسقاط,طريقة في تعلُّم الآلة لتوليد بيانات إضافية عن طريق تغيير مجموعة البيانات الحالية.
Data Augmentation,زيادة البيانات,مجموعة البيانات المستخدمة لتدريب نموذج تعلُّم الآلة.
Training Dataset,بيانات التدريب,مجموعة البيانات المستخدمة لتقييم فعالية نموذج تعلُّم الآلة بعد التدريب والتحقق. يُطلق عليها أيضاً “بيانات التقييم”.
Test Dataset,بيانات الاختبار,مجموعة البيانات المستخدمة لقياس أداء نموذج تعلُّم الآلة بعد التدريب.
Validation Dataset,بيانات التحقق,أسلوب تعلّم موجّه يستخدم هيكلاً شجرياً لتحليل عملية صنع القرار.
Decision Tree,شجرة القرار,أسلوب تعلّم جماعي ينشئ أشجار قرار متعددة ويدمج نتائجها للحصول على أفضل النتائج.
Random Forest,غابة عشوائية,نموذج تعلّم موجّه مصمم لتصنيف البيانات وتحليل الانحدار، بهدف إنشاء حدود قرار بأكبر هوامش ممكنة.
Support Vector Machine (SVM),آلة الُمَّتجهات الداعمة,خوارزمية تستخدم القيمة المتوسطة لتصنيف البيانات إلى عدد محدد من المجموعات بناءً على أوجه التشابه في الخصائص.
K-means (or K-Means Clustering),تجميع بالمتوسط,أسلوب يُستخدم لتقليل التكرار عن طريق تقليل أبعاد مجموعة البيانات، مع التركيز على المكونات الأكثر أهمية.
Principal Component Analysis (PCA),تحليل الُمكِّون الرئيس,طريقة تدمج التنبؤات من نماذج متعدّدة بهدف تعزيز الدقة التنبؤية الشاملة.
Ensemble,تجميع النماذج,استراتيجية تعلّم جماعي تهدف إلى تعزيز استقرار ودقة نماذج التصنيف والانحدار.
Bootstrap Aggregating (Bagging),تجميع بوتستراب,أسلوب يقلّل من التحيُّز والتباين في التعلم الموجَّه، وتحويل خوارزميات التعلم الضعيفة إلى خوارزميات أكثر قوة.
Boosting,تعزيز,طريقة إحصائية للتأكد من العلاقة بين المتغيرات التابعة والمستقلة، ويُشار إليها ببساطة باسم “الانحدار”.
Regression Analysis,تحليل الانحدار,فئة من خوارزميات تعلُّم الآلة مكلّفة بتحديد الفئة أو المجموعة التي ينتمي إليها مدخل معيّن، ويُطلق عليها أحياناً اسم “التصنيف القياسي”.
Classification,تصنيف,طريقة إحصائية تحدّد العلاقات بين المتغيرات لتطوير نموذج تنبؤي يسلط الضوء على اتجاهات البيانات.
Linear Regression,الانحدار الخطي,أسلوب إحصائي يستخدم دالة لوجستية لتحويل تنبؤات النموذج الخطي إلى نطاق يتراوح بين 0 و1، وغالباً ما يشار إليه باسم “نموذج لوجيت”.
Logistic Regression,انحدار لوجستي,دالة تحدد الاختلاف بين تنبؤات الخوارزمية والقيم الفعلية، ويُطلق عليها أحياناً اسم “دالة التكلفة”.
Loss Function,دالة الخسارة,عملية اختيار الحل الأنسب من بين جميع الخيارات المتاحة، وتعرف أيضاً باسم “التحسين الرياضي”.
Optimization,تحسين,طريقة تعديل معاملات الضبط بشكل متكرر لتحديد المجموعة التي تنتج النموذج الأكثر دقة.
Hyperparameters Tuning,ضبط معاملات الضبط,مجموعة من أجهزة الحاسب المترابطة التي تتعاون لتعمل كجهاز حاسب عملاق افتراضي واحد، مما يسهل العمليات الحسابية واسعة النطاق.
Grid Computing,حوسبة شبكية,أسلوب يُستخدم لتقييم قدرة النموذج على تعميم البيانات الجديدة من خلال تقييمها مقابل مجموعات فرعية مستخلصة من بيانات التدريب.
Cross-Validation,التحقق المتقاطع,مقياس يشير إلى جزء الإيجابيات المحددة بشكل صحيح من بين جميع الإيجابيات المتوقعة.
Precision,الإحكام,مقياس يسلط الضوء على نسبة الإيجابيات الصحيحة من بين جميع الإيجابيات الفعلية، والمعروف أيضاً باسم “المعدل الإيجابي الصحيح”.
Recall,الاستدعاء,مقياس يقيّم دقة المصنف الثنائي عن طريق حساب المتوسط التوافقي للإحكام والاستدعاء.
F-Score,مقياس إف,جدول يلخص أداء نموذج التصنيف، ويوضح مدى دقة تنبؤاته.
Confusion Matrix,مصفوقة الدقة,تمثيل رسومي يوضّح فعالية المُصنِّف في جميع الحدود المحتملة.
ROC Curve,منحنى دّقة الأداء,مقياس أداء يقيّم كفاءة النموذج من خلال النظر في جميع حدود التصنيف المحتملة.
Area under the ROC Curve (AUC),المساحة تحت منحنى دّقة الأداء,مصفوفة أو بنية بيانات موحدة ومتعددة الأبعاد.
Tensor,تينسر,إطار عمل مفتوح المصدر مصمم لتطبيقات تعلُّم الآلة.
TensorFlow,تينسرفلو,واجهـة برمجـة تطبيقـات شهيرة تستخدم لغـة البايثـون، وتُستخدم في مجال تعلّم الآلة، ومتوافقة مع العديد من الواجهات الخلفية للتعلّم العميق.
Keras,كيراس,مجموعة أدوات واجهـة برمجـة تطبيقـات بلغـة البايثـون مفتوحة المصدر مستخدمة على نطاق واسع في مهام تعلُّم الآلة.
Scikit-learn,سايكيت-ليرن,برنامج يعتمد على الذكاء الاصطناعي يستخدم معالجة اللغات الطبيعية للتفاعل مع المستخدمين عبر المحادثات النصية أو الصوتية.
Chatbot,بوت محادثة,مجال يُعنى بتصميم الروبوتات وتطويرها وتطبيقها.
Robotics,روبوتية,أحد تخصصات الذكاء الاصطناعي الذي يركز على تحليل البيانات المرئية وفهمها، مثل الصور ومقاطع الفيديو. غالباً ما يُطلق عليها “رؤية الآلة”.
Computer Vision,رؤية الحاسب,عملية تمييز الأشياء أو الأنماط أو المفاهيم داخل الصور، ويُعرف أيضاً باسم “تصنيف الصور” أو “التعرُّف على الصور”.
Image Recognition,التعرف على الصور,عملية ترجمة اللغة المنطوقة إلى نص مكتوب باستخدام الطرق الحاسوبية. يُشار إليه عادةً باسم “التعرّف الآلي على الكلام” أو “تحويل الكلام إلى نص”.
Speech Recognition,التعرف على الكلام,تطبيق أساليب التعلّم الإحصائي أو تعلّم الآلة لقياس المشاعر أو العواطف الموجودة في النص أو الصورة.
Sentiment Analysis,تحليل المشاعر,تحديد نقاط البيانات التي تنحرف بشكل كبير عن غالبية البيانات، بسبب خصائصها الفريدة.
Anomaly Detection,اكتشاف الشذوذ,فحص نقاط البيانات التي تم جمعها أو تسجيلها على فترات زمنية محددة.
Time Series Analysis,تحليل السلاسل الزمنية,عملية الاستفادة من البيانات التاريخية بالإضافة إلى النماذج الرياضية للتنبؤ بالسيناريوهات المستقبلية أو الأحداث غير المعروفة.
Predictive Analytics,تحليلات تنبؤية,نظام مصمم لاقتراح مجموعة من العناصر للمستخدمين، استناداً إلى تفضيلاتهم وتصرفاتهم. يُطلق عليه أيضاً “محرك توصيات” أو “خوارزمية توصيات”.
Recommendation System,نظام توصيات,تمثيل منظم للكيانات وعلاقاتها المتبادلة، ويُطلق عليه أيضاً اسم “الشبكة الدلالية”.
Knowledge Graph,شبكة معرفية,تحسين شبكة الويب العالمية لتسهيل مشاركة البيانات وإعادة استخدامها عبر المنصات من خلال تحديد هياكل البيانات والمفردات وقواعد إدارة البيانات.
Semantic Web,ويب دلالي,أنظمة محوسبة تحاكي قدرة الخبراء البشريين على صنع القرار في مجالات محددة استناداً إلى قاعدة معرفية تشتمل على الحقائق والاستدلالات.
Expert Systems,نظام خبير,مجال يركز على السلوك المنسق للكيانات اللامركزية في الأنظمة ذاتية التنظيم.
Swarm Intelligence,ذكاء السرب,خوارزميات تطورية مستوحاة من مبادئ الانتقاء الطبيعي لإيجاد الحلول المثلى لتحديات التحسين.
Genetic Algorithms,خوارزمية جينية,نظام منطقي يوسّع التمييز الثنائي بين الصواب والخطأ من خلال استيعاب قيم متعدّدة للصواب.
Fuzzy Logic,منطق ضبابي,مركبة مجهزة بحيث تكون قادرة على استشعار البيئة المحيطة بها والتنقل فيها بشكل مستقل. تُعرف أيضاً باسم “مركبة مؤتمتة”.
Autonomous Vehicle,مركبة ذاتية القيادة,إطار المبادئ والقيم والمنهجيات التي توجّه تطوير حلول الذكاء الاصطناعي وتطبيقها بشكلٍ أخلاقي.
AI Ethics,أخلاقيات الذكاء الاصطناعي,أسلوب في الشبكة العصبية يمكّن الشبكة من التركيز على جوانب محددة من المدخلات المعقدة في كل مرة. ويُسمى أيضاً “آلية الانتباه”.
Attention Model,نموذج الانتباه,بنية شبكة عصبية مخصصة لمعالجة البيانات المتسلسلة استناداً إلى آلية الانتباه الذاتي. وتُسمى أيضاً “شبكة المُحولات العصبية”.
Transformer,مُحوِّل,طريقة تعلّم عميق تعود جذورها إلى بنية الُمحـِّولات، وهي مصممة خصيصاً لمهام معالجة اللغات الطبيعية.
Bidirectional Encoder Representations From Transformers (BERT),تمثيلات الترميز الثنائية الاتجاه من المحولات (بيرت),شبكات عصبية مصممة لإنشاء تمثيلات بيانات فعالة لسيناريوهات التعلّم غير الموجَّه.
Autoencoders,مُرِّمز تلقائي,شبكات عصبية تشتمل على كبسولات (مجموعات من الخلايا العصبية) تشير إلى معاملات إنشاء لكيان محدد.
Capsule Neural Network,شبكة عصبية كبسولية,النماذج التي تحوّل تسلسلاً واحداً من العناصر إلى تسلسل آخر.
Sequence-to-Sequence Models,مهمة تحويل تسلسل إلى تسلسل,عملية ترجمة المتجهات عالية الأبعاد إلى فضاء أبعاد أكثر إحكاماً.
Embedding,تضمين,تمثيل رسومي يعرض المتغيرات وترابطها الشرطي باستخدام المنطق البايزي.
Bayesian Network,شبكة بايزية,عمليات التحكم العشوائية المستخدمة لنمذجة عملية صنع القرار في سيناريوهات التحسين غير المؤكدة.
Markov Decision Processes (MDP),عملية قرار ماركوف,خوارزمية صنع القرار تجمع بين محاكاة مونت كارلو ومنهجيات البحث الشجري لتحديد القرارات المثلى.
Monte Carlo Tree Search (MCTS),البحث الشجري باستخدام مونت كارلو,منهجية تعلّم تنشئ مصنِّفات فعالة من مثال تدريبي واحد.
One-shot Learning,تعلم بمثال واحد,منهجية تعلّم تنشئ المصنِّفات باستخدام مجموعة محدودة من أمثلة التدريب.
Few-shot Learning,تعلم بأمثلة قليلة,أسلوب يُمكّن النماذج من التعرّف على الأصناف التي لم يسبق التعرض لها أثناء التدريب.
Zero-shot Learning,تعلم بدون أمثلة مباشرة,مجال يُعنى بإنشاء خوارزميات قوية لتعلّم الآلة لمواجهة التهديدات الأمنية.
Adversarial machine Training,تعلم الآلة العدائي,تصميم شبكة عصبية قادر على استنتاج الخوارزميات من الأمثلة المقدمة.
Neural Turing Machine,آلة تورينج العصبية,أساليب التعلّم العميق المصممة للبيانات الممثلة باستخدام الرسوم البيانية.
Graph Neural Network,شبكة عصبية شبكية,مكون للشبكة العصبية، ينتج تسلسلاً جديداً من التضمينات من خلال تطبيـق آلية الانتباه على عناصر تسلسل الإدخال.
Self-Attention,الانتباه الذاتي,آلية انتباه ذاتي تُنفَّذ عدة مرات لكل موضع ضمن تسلسل الإدخال.
Multi-Head Self-Attention,انتباه ذاتي متعدد الرؤوس,أسلوب يعمل على تحسين أداء الشبكة العصبية واستقرارها من خلال توحيد المخرجات بين الطبقات.
Batch Normalization,تسوية الحزمة,دالة تنشيط تعطي نفس قيمة المدخل للمدخلات الإيجابية، وتعطي القيمة صفر للمدخلات غير الإيجابية.
Rectified Linear Unit (ReLU),وحدة خطية مصححة (ريلو),أحد أنواع دالة التنشيط التي تسمح بتدرج بسيط للقيم السالبة.
Leaky ReLU,دالة ريلو المتسربة,دالة تعيّن مخرجات الانحدار اللوجستي أو متعدد الحدود إلى احتمالات قيمتها تتراوح بين الصفر والواحد.
Sigmoid Function,دالة سيجمويد,متجه خصائص يتكون في الغالب من قيم صفرية أو فارغة.
Sparse Feature,خاصية متناثرة,شبكات عصبية تستخدم دالة الأساس نصف القطرية كدالة تنشيط لمهام التصنيف غير الخطية.
Radial Basis Function (RBF) Network,شبكة دالة القاعدة الشعاعية,خوارزمية تعالج القيم المدخلة، وتطبق دالة على مجموعها المرجح، وتنتج مخرجة واحدة.
Perceptron,بيرسبترون,استراتيجية لمواجهة مشكلة انفجار المشتقة من خلال تحديد الحد الأقصى لقيمة المشتقة أثناء تدريب النموذج باستخدام النزول الاشتقاقي.
Gradient Clipping,قص اشتقاقي,معامل ضبط يُستخدم في أساليب التحسين التي تحدد حجم كل خطوة أثناء التكرارات. ويُسمى أيضاً “حجم الخطوة”.
Learning Rate,معدل التعلم,نوع من النزول الاشتقاقي يتأثر فيه اتجاه الخطوة باتجاه الخطوة السابقة ومشتقة الخطوة الحالية.
Momentum,الزخم,فضاء متجه مكثف تُعيّن عليه خصائص الفضاء المتجه ذو الأبعاد الأعلى.
Embedding Space,فضاء التضمين,نهج نمذجة إدراكية يستخدم من الشبكات العصبية الاصطناعية لمحاكاة القدرات الفكرية.
Connectionism,التشابكية,نموذج مصمم للتعامل مع المدخلات التي تربطها علاقة زمنية أو متسلسلة.
Sequence Model,نموذج تسلسلي,أسلوب مستخدم في تحليل النصوص، يأخذ في الاعتبار السياقين السابق واللاحق لجزء محدّد من النص.
Bidirectional,ثنائي الاتجاه,مجال من مجالات الذكاء الاصطناعي يركز على الفهم والاستدلال بشأن الجوانب المكانية والزمانية بأسلوب مشابه للبشر.
Spatial-Temporal Reasoning,استدلال مكاني-زماني,مجموعة فرعية من تعلُّم الآلة تهدف إلى تحسين أو ابتكار خوارزميات التعلّم من خلال التعلم من البيانات المحدودة أو المهام السابقة. يُعرف أيضاً باسم “تعلّم كيفية التعلم”.
Metalearning,تعلم عملية التعلم,نتيجة تطبيق عملية ترشيح على بيانات الإدخال باستخدام مرشح محدد، يُطلق عليها أيضاً “خريطة التنشيط”.
Feature Map,خريطة الخصائص,استراتيجية الحذف العشوائي لوحدات معينة في طبقة الشبكة أثناء تحديث مشتقة واحدة.
Dropout Regularization,ضبط الإسقاط,في التعلم المعزز، يوجد مخزن مؤقت للذاكرة، يخزن انتقالات الحالة ليتم استخدامها لاحقاً في تدريب النموذج.
Experience Replay,إعادة تشغيل التجربة,عملية تخفيض حجم المصفوفة التي أنشئت بواسطة طبقة ترشيحية.
Pooling Layer,طبقة تجميع,متغير في نموذج يمكن تعديله بشكل متكرر أثناء التدريب.
Parameter,مُعامل,تصميم شبكة عصبية ترشيحية يحل فيها الترشيح القابل للفصل عمقاً محل عمليات الترشيح التقليدية.
Depthwise Seperable Convolutional Neural Network,شبكة عصبية ترشيحية قابلة للفصل عمًقا,نموذج مصمم للتعامل مع المدخلات أو المخرجات من مصادر أو صيغ متعددة.
Multimodal Learning,نموذج متعدد الصيغ,مجموعة فرعية من تعلُّم الآلة يتعلّم فيها النموذج بشكل تسلسلي من البيانات الواردة باستمرار. تُعرف أيضاً باسم “التعلّم المستمر”.
Online Machine Learning,تعلم الآلة المستمر,نوع من تعلُّم الآلة تستخدم فيه النماذج تسميات مستعارة منشأة ذاتياً في عملية توجيه البيانات غير المسماة.
Self-Supervised Learning,تعلم ذاتي التوجيه,نهج إحصائي لبناء نماذج احتمالية، ومعالجة المشكلات ذات المعلومات غير المكتملة.
Bayesian Programming,برمجة بايزية,عملية تُعنى بعمل تنبؤات باستخدام نموذج مدرب على بيانات جديدة غير مسماة.
Inference,استدلال,نظام محوسب يحاكي قدرة الخبير البشري على اتخاذ القرارات في مجالات محددة باستخدام قاعدة معرفية.
Expert System,نظام خبير,عملية خوارزمية تجمع البيانات في مجموعات باستخدام التجميع الكمي.
Quantization,التجزيء الكمي,عملية تحسين النموذج أو الكود عن طريق إزالة المكونات غير الضرورية لتعزيز إمكانية الصيانة.
Pruning,تشذيب,تمثيل منظم للكيانات وعلاقاتها المتبادلة، ويُطلق عليه أيضاً اسم “الشبكة الدلالية”.
Knowledge Graph,شبكة معرفية,تمثيل غالبية عناصره صفرية أو فارغة.
Sparse Representation,تمثيل متناثر,خاصية تكون معظم قيمها غير صفرية.
Dense Feature,خاصية كثيفة,وحدة لغوية مميزة (على سبيل المثال، كلمة، جزء من كلمة، حرف) تستخدم لتدريب النموذج والتنبؤات.
Token,وحدة لغوية,عملية تقسيم النص إلى وحدات أو رموز أصغر.
Text Tokenization,تقسيم النص,تمثيل بيانات تكون فيه جميع عناصر المتجهات معيّنة على 0، باستثناء عنصر واحد يعيّن على 1.
One-Hot Encoding,ترميز الواحد النشط,تسلسل متجاور للعناصر في نص معيّن.
N-grams,سلسلة كلمات,في التصنيف الثنائي، هو الصنف الذي يمثّل النتيجة البديلة.
Negative Class,صنف سلبي,أسلوب تجميع مناسب للبيانات الهرمية، وينتج عنه شجرة من المجموعات.
Hierarchical Clustering,تجميع هرمي,نموذج مصمم للتعامل مع المدخلات التي تربطها علاقة زمنية أو متسلسلة.
Sequence Model,نموذج تسلسلي,أسلوب في الشبكة العصبية يمكّن الشبكة من التركيز على جوانب محددة من المدخلات المعقدة في كل مرة.
Attention Model,نموذج الانتباه,أسلوب مستخدم في تحليل النصوص، يأخذ في الاعتبار السياقين السابق واللاحق لجزء محدّد من النص.
Bidirectional,ثنائي الاتجاه,السيناريو الذي تكون فيه الطبقات المخفية في البداية في الشبكات العصبية العميقة ذات مشتقات تميل نحو الصفر.
Vanishing Gradient Problem,مشكلة تلاشي المشتقة,متجه يشير إلى معدل تغير الدالة فيما يتعلق بمعاملاتها.
Gradient,مشتقة,أسلوب في تعلّم الآلة غير الموجّه يجمع الأشياء المتشابهة. يُعرف أيضاً باسم “تحليل المجموعات”.
Clustering,تجميع,طريقة تُستخدم لإسقاط البيانات غير الخطية على فضاء بأبعاد أعلى لتسهيل التصنيف.
Kernel Trick,حيلة النواة,دالة تعتمد قيمها على المسافة من النقطة المركزية.
Radial Basis Function (RBF),دالة القاعدة الشعاعية,دالة لقياس التشابه بين مثالين، وإسقاط البيانات في فضاء ذي بُعد أعلى.
Kernel Function,دالة النواة,خوارزمية تصنيف تستخدم دوال النواة لتعظيم الهامش بين الأصناف.
Kernel Support Vector Machine (KSVM),آلة المَّتجهات الداعمة باستخدام النواة,دالة خسارة للتصنيف تهدف إلى تعظيم الهامش بين أمثلة التدريب وحدود القرار.
Hinge Loss,خسارة مفصلية,تعريف للخصوصية في تعلُّم الآلة يضمن خصوصية الأفراد عند جمع البيانات وتحليلها.
Differentiale Privacy,خصوصية تباينية,شبكات عصبية تشتمل على كبسولات (مجموعات من الخلايا العصبية) تشير إلى معاملات إنشاء لكيان محدد.
Capsule Neural Network,شبكة عصبية كبسولية,نموذج يتم تدريبه عبر الإنترنت باستخدام البيانات الواردة بشكل مستمر.
Dynamic Model,نموذج ديناميكي,تقنية ترجمة آلية تستخدم شبكات عصبية واسعة النطاق للتنبؤ بتسلسل الكلمات، وغالباً ما تترجم جملاً كاملة.
Neural Machine Translation,ترجمة الآلة العصبية,نوع من الشبكات العصبية التكرارية، قادر على معالجة تسلسل البيانات لكل من التوابع الطويلة والقصيرة.
Long Short-Term Memory,الذاكرة القصيرة المدى المطولة,دائرة إلكترونية متخصصة مصممة للمعالجة المتوازية السريعة، وذلك لعرض الرسومات على شاشات العرض الإلكترونية.
Graphics Processing Unit (GPU),وحدة معالجة الرسوميات,نوع من الشبكات العصبية الاصطناعية تتدفق فيها البيانات في اتجاه واحد من طبقة الإدخال إلى طبقة الإخراج، دون تكرارها.
Feedforward Neural Network,شبكة عصبية ذات تغذية أمامية,طريقة تُستخدم لإسقاط البيانات غير الخطية على فضاء بأبعاد أعلى لتسهيل التصنيف.
Kernel Trick,حيلة النواة,ارتباط أو حكم غير واعٍ يستند إلى تجارب الفرد وذكرياته.
Implicit Bias,تحيز ضمني,روبوت محادثة يتبع تدفق محادثات محدد مسبقاً، وغالباً ما يكون قائماً على قواعد أو كلمات رئيسية.
Flow-based Chatbot,بوت محادثة موجه,سلسلة من النماذج اللغوية التي تعتمد على المحولات واسعة النطاق، والمصممة لمختلف مهام معالجة اللغة الطبيعية.
Generative Pre-trained Transformer (GPT),محول توليدي مسبق التدريب (جي بي تي),شبكة عصبية تستخدم الاستدلال البايزي لتقدير حالات عدم اليقين في الأوزان والتنبؤات.
Bayesian Neural Network,شبكة عصبية بايزية,شبكة عصبية اصطناعية ذات طبقات متعددة بين المدخلات والمخرجات، مما يعزز قدرتها على تعلّم الأنماط المعقدة.
Deep Neural Network,شبكة عصبية عميقة,هجوم يهدف إلى التأكد مما إذا كانت عينة بيانات محددة قد ساهمت في تدريب نموذج تعلُّم الآلة.
Membership Inference Attack,هجوم استنتاج العضوية,عملية تحديد وتصنيف العلاقات بين الكيانات داخل النص.
Relationship Extraction,استخراج العلاقة,استراتيجية في تعلُّم الآلة، تشمل تدريب النموذج على أداء مهمة ما، ومن ثم ضبطه لأداء مهمة مختلفة ولكنها ذات صلة بالمهمة الأولى.
Transfer Learning,تعلم منقول,أسلوب في تعلُّم الآلة تكون فيه عمليات التدريب والتعلّم مستمرة كلما توفرت عينات بيانات جديدة.
Incremental Learning,تعلم تدريجي,مجال فرعي من تعلّم الآلة يركز على تحسين الخوارزميات من خلال التعلّم من البيانات المحدودة أو الاستفادة من رؤى المهام السابقة.
Metalearning,تعلم عملية التعلم,تصميم شبكة عصبية ترشيحية يحل فيها الترشيح القابل للفصل عمقاً محل عمليات الترشيح التقليدية.
Depthwise Separable Convolutional Neural Network,شبكة عصبية ترشيحية قابلة للفصل عمًقا,مقياس اقترحه آلان تورينج لتقييم قدرة الآلة على إظهار ذكاء شبيه بالذكاء البشري.
Turing Test,اختبار تورينج,معيار خصوصية في تعلُّم الآلة يضمن أن تحليل البيانات لا يضر بخصوصية بيانات الأفراد.
Differential Privacy,خصوصية تباينية,آلية تطبّق الانتباه الذاتي عدة مرات بشكل متزامن على مواضع مختلفة من سلسلة الإدخال.
Multi-Head Self-Attention,انتباه ذاتي متعدد الرؤوس,نهج تعلّم شبه موجّه يستخدم فيه النموذج، بعد تدريبه على البيانات المسماة، توقعاته على البيانات غير المسماة لمواصلة تدريبه.
Self-Training,تدريب ذاتي,نموذج مصمم لمعالجة أو إنتاج البيانات عبر طرق وصيغ متعددة.
Multimodal Model,نموذج متعدد الصيغ,مقياس يحدد الفرق بين توزيعين احتماليين، وهو شائع الاستخدام في مهام التصنيف.
Cross-Entropy,الأنتروبيا التقاطعية,أسلوب في تعلّم الآلة يهدف إلى تكييف نموذج سبق تدريبه في مجال معيّن ليعمل في مجال مختلف ولكن له علاقة بالمجال الأول.
Domain Adaptation,تكييف المجال,إطار نظري يحدد الهياكل والعمليات الأساسية لنظام معين يظهر سلوكاً ذكياً، سواء كان هذا النظام اصطناعياً أو بيولوجياً.
Cognitive Architecture,بنية إدراكية,نهج في تعلّم الآلة الموزّع يدرّب النماذج عبر أجهزة متعددة باستخدام البيانات محلياً، مما يضمن خصوصية البيانات.
Federated Learning,تعلم متحد,طريقة تعلّم تجميعي تعمل على تحسين الاستقرار والدقة من خلال تدريب نماذج متعددة على مجموعات فرعية عشوائية من البيانات.
Bootstrap Aggregating,تجميع بوتستراب,نوع من التحيز تنشأ فيه الأحكام أو الافتراضات من ذكريات وتجارب العقل الباطن للفرد.
Implicit Bias,تحيز ضمني,مجال من مجالات الذكاء الاصطناعي يركز على الفهم والاستدلال بشأن الجوانب المكانية والزمانية بأسلوب مشابه للبشر.
Spatial-Temporal Reasoning,استدلال مكاني-زماني,طريقة حاسوبية مستوحاة من بنية الدماغ البشري ووظيفته، تهدف إلى تحسين كفاءة وسرعة الحواسيب.
Neuromorphic Computing,حوسبة عصبية,دراسة أداء الخوارزميات وتعقيدها، لتحديد مدى ملاءمتها لتطبيقات محددة.
Analysis of Algorithms,تحليل الخوارزميات,رسم بياني منظم تمثّل العقد الموجودة فيه الحجج، وتشير فيه الحواف إلى التعارضات أو العلاقات بين هذه الحجج.
Argumentation Framework,إطار الحجج,نوع من أنواع الذكاء الاصطناعي يمكنه أداء أي مهمة فكرية يستطيع الإنسان القيام بها، بما في ذلك القدرة على التكيّف وحل المشكلات والإبداع.
Artificial General Intelligence,ذكاء اصطناعي عام,لغة مبنية على لغة الترميز الموسعة (XML) مصممة لإنشاء تطبيقات معالجة اللغات الطبيعية.
Artificial Intelligence Markup Language (AIML),لغة ترميز الذكاء الاصطناعي,طريقة منهجية تزوّد خوارزميات تعلُّم الآلة بإطار منظم لتعريف المشكلة وحلها.
Automated Reasoning,استدلال مؤتمت,قدرة النظام على إدارة موارده بشكل مستقل دون تدخل بشري.
Autonomic Computing,حوسبة ذاتية,أسلوب تفكير منطقي يبدأ من الهدف ويعود إلى تحديد البيانات أو الأدلة الداعمة له.
Backward Chaining,تسلسل عكسي,مجموعات بيانات ضخمة تتميّز بحجمها وتنوعها وسرعتها، مما يستلزم تقنيات قابلة للتوسع من أجل إدارتها وتحليلها بفعالية.
Big Data,بيانات ضخمة,ممارسة تحليل مجموعات البيانات الكبيرة والشاملة للكشف عن الرؤى والأنماط والاتجاهات التي سيتم الاسترشاد بها في عملية صنع القرار.
Big Data Analytics,تحليلات البيانات الضخمة,مجال من مجالات الذكاء الاصطناعي يركز على تمكين الآلات من وضع افتراضات حول المواقف اليومية بطريقة تشبه الحدس البشري.
Commonsense Reasoning,استدلال بديهي,مجال يستمد الإلهام من المبادئ البيولوجية واللغوية لتطوير المنهجيات الحاسوبية، بما في ذلك الشبكات العصبية والأنظمة الضبابية.
Computational Intelligence (CI),ذكاء حوسبي,البيانات التي تجمعها المؤسسات أثناء العمليات العادية، ولكنها لا تُستخدم بشكل نشط في التحليلات أو لأغراض أخرى.
Dark Data,البيانات المظلمة,عملية دمج البيانات من مصادر مختلفة في قاعدة بيانات متماسكة وموحدة.
Data Integration,تكامل البيانات,عملية إنشاء تمثيل مفاهيمي للبيانات، وتحديد علاقاتها، من أجل تخزينها في قواعد البيانات.
Data Modelling,نمذجة البيانات,وسائط اصطناعية يُستبدل فيها الشخص في صورة أو فيديو أو مقطع صوتي بشخص آخر باستخدام خوارزميات متقدمة.
deepfake,تزييف عميق,أسلوب في ذكاء السرب مستوحى من سلوك الديدان المضيئة، يُستخدم لتحسين الدالة متعدّدة الصيغ.
Glowworm Swarm Optimization,تحسين سرب الدودة المضيئة,نموذج تحليلي تُدمج فيه معالجة البيانات بسلاسة داخل قاعدة البيانات نفسها.
