%s — Private key,%s — Clé privée,%s — Geheimer Schlüssel,‏%s — مفتاح سري
%s — Public key,%s — Clé publique,%s — Öffentlicher Schlüssel,‏%s — مفتاح علني
%u:%u:%u,,,%Iu:%Iu:%Iu
(Unreadable Secure Shell Key),(Clé du shell sécurisé non lisible),,(مفتاح صدفة آمنة غير مقروء)
(unknown),(inconnue),(unbekannt),(مجهول)
1024 bits,1024 bits,1024 Bits,١٠٢٤ بتة
24hr: no,,,24hr: no
256 bits,256 bits,256 Bits,٢٥٦ بتة
"The photo is too large
The recommended size for a photo on your key is %d × %d pixels.","La photo est trop grande
La taille recommandée pour une photo sur une clé est de %d × %d pixels.",,"الصورة كبيرة جدا
المقاس المنصوح به لمفتاحك هو %Id × %Id بكسِل."
"Casually: means you have done a casual verification that the key is owned by the person who claims to own it. For example, you could read the key fingerprint to the owner over the phone.","Superficiellement : signifie que vous avez vérifié rapidement que la clé appartient bien à la personne qu’elle prétend représenter. Par exemple, vous avez peut-être lu par téléphone l’empreinte de la clé à son propriétaire.","Mäßig: Sie haben nur mäßig überprüft, ob dieser Schlüssel der Person gehört, die sich als dessen Eigentümer ausgibt. Sie können z.B. dem Eigentümer am Telefon den digitalen Fingerabdruck des Schlüssels vorlesen.",معتاد: يعني أنك قمت بتحقق عادي من أن هذا المفتاح ملك للشخص الذي يدِّعي ملكيته. مثلا، قد تقرأ بصمة المفتاح مع المالك عبر الهاتف.
"Not at all: means you believe the key is owned by the person who claims to own it, but you could not or did not verify this to be a fact.","Pas du tout : signifie que vous pensez que la clé appartient bien à la personne qu’elle prétend représenter, mais que vous n’avez pas pu ou pas voulu vous en assurer.","Überhaupt nicht: Sie glauben, dass dieser Schlüssel der angegebenen Person gehört, sind sich dabei aber nicht sicher.",بتاتًا: يعني أنك تؤمن بأن المفتاح ملك للشخص الذي يدعي ملكيته لكنك لم تستطع أو لم تتحقق من هذه الحقيقة.
Very Carefully: Select this only if you are absolutely sure that this key is genuine.,Très sérieusement : ne choisissez cette option que si vous êtes absolument sûr que cette clé est véritable.,"Sehr sorgfältig: Wählen Sie dies nur, wenn Sie sich absolut sicher sind, dass dieser Schlüssel authentisch ist.",بحرص شديد: اختر هذا إذا كنت واثقا بشكل تام من أن هذا المفتاح أصيل.
A PGP key allows you to encrypt email or files to other people.,Une clé PGP vous permet de chiffrer des courriels ou des fichiers à destination d’autres personnes.,"Ein PGP-Schlüssel ermöglicht es Ihnen, E-Mails oder Dateien für andere Personen zu verschlüsseln.",يسمح لك مفتاح PGP بتعمية البريد الإلكتروني أو الملفات للآخرين.
A Secure Shell (SSH) key lets you connect securely to other computers.,Une clé de shell sécurisé (SSH) permet de vous connecter de manière sûre à d’autres ordinateurs.,"Ein SSH-Schlüssel ermöglicht es Ihnen, sich per SSH auf einem sicheren Weg an anderen Rechnern anzumelden.",يسمح لك مفتاح الصدفة الآمنة (SSH) بالاتصال بشكل آمن بحواسيب أخرى.
A keyring that is automatically unlocked on login,Un trousseau qui est automatiquement déverrouillé à la connexion,"Ein Schlüsselbund, der bei der Anmeldung automatisch entsperrt wird",حلقة مفاتيح تُفتح آليا عن ولوج المستخدم
A keyring used to store passwords,Un trousseau utilisé pour stocker les mots de passe,Ein Schlüsselbund zum Speichern von Passwörtern,حلقة مفاتيح لحفظ كلمات السر
AM,,,ص
Access a network share or resource,Accède à un partage ou une ressource réseau,Zugriff auf eine Netzwerkfreigabe oder Ressource,انفُذ إلى مشاركة أو مورِد على شبكة
Access a website,Accède à un site web,Zugriff auf eine Webseite,انفُذ لموقع وِب
Actions,,,الإجراءات
Add,Ajouter,,أضِف
Add Key Server,Ajouter un serveur de clés,Schlüssel-Server hinzufügen,أضِف خادوم مفاتيح
Add Password,Ajouter un mot de passe,Passwort hinzufügen,أضف كلمة سر
Add User ID,Ajouter un identifiant utilisateur,Benutzerkennung hinzufügen,أضف معرّف المستخدم
Add a new key or item,Ajouter une nouvelle clé ou élément,Einen neuen Schlüssel oder Eintrag hinzufügen,أضف مفتاحا أو عنصرا جديدا
Add a photo to this key,Ajouter une photo à cette clé,,أضِف صورة لهذا المفتاح
Add password keyring,Ajouter un trousseau de mots de passe,Passwort-Schlüsselbund hinzufügen,أضِف حلقة كلمات سر
Add subkey to %s,Ajouter une sous-clé à %s,Unterschlüssel zu %s hinzufügen,أضِف مفتاحا فرعيا إلى %s
Add user ID to %s,Ajouter un identifiant utilisateur à %s,Benutzerkennung hinzufügen zu: %s,أضف معرّف المستخدم إلى %s
Algorithm,Algorithme,Algorithmus,الخوارزمية
All JPEG files,Tous les fichiers JPEG,JPEG-Dateien,كل ملفات JPEG
All files,Tous les fichiers,Alle Dateien,كل الملفات
All image files,Tous les fichiers images,Alle Bilddateien,كل ملفات الصور
All key files,Tous les fichiers de clé,Schlüsseldateien,كل ملفات المفاتيح
Allows accessing this computer remotely,Autorise l’accès à distance à cet ordinateur,,يتيح الوصول لهذا الحاسوب عن بعد
Are you sure you want to delete the password keyring “%s”?,Voulez-vous vraiment supprimer le trousseau de mots de passe « %s » ?,,أمتأكد من رغبتك بحذف حلقة مفاتيح كلمات السر ”%s“؟
Are you sure you want to delete the password “%s”?,Voulez-vous vraiment supprimer le mot de passe « %s » ?,,أمتأكد من رغبتك بحذف كلمة السر ”%s“؟
Are you sure you want to delete the secure shell key “%s”?,Voulez-vous vraiment supprimer la clé de shell sécurisé « %s » ?,,أمتأكد من رغبتك في حذف مفتاح الصدفة الآمنة ”%s“؟
Are you sure you want to permanently delete %s?,Voulez-vous vraiment supprimer définitivement %s ?,,أمتأكد أنك تريد حذف %s نهائيا؟
Are you sure you want to permanently delete subkey %d of %s?,,,أمتأكدٌ أنّك تريد حذف المفتاح الفرعي %Id من %s نهائيًا؟
Are you sure you want to permanently delete the “%s” user ID?,Voulez-vous vraiment supprimer définitivement l’identifiant utilisateur %s ?,,أمتأكدٌ أنّك تريد حذف معرّف المستخدم ”%s“ نهائيا؟
Are you sure you want to remove the current photo from your key?,Voulez-vous vraiment supprimer la photo actuelle de votre clé ?,,أواثق من رغبتك في حذف الصورة الحالية من المفتاح؟
Armored PGP keys,Clés blindées PGP,E-Mail-sichere PGP-Schlüssel,مفاتيح PGP محصّنة
Authenticate,Authentification,Legitimieren,وثّق
Auto publish keys,Publication automatique des clés,Schlüssel automatisch veröffentlichen,انشر المفاتيح آليا
Auto retrieve keys,Récupération automatique des clés,Schlüssel automatisch abrufen,اجلب المفاتيح آليا
Automatically retrieve keys from key servers,Récupérer automatiquement les clés depuis les serveurs de clés,Schlüssel automatisch von den Schlüssel-Servern abrufen,اجلب المفاتيح آليا من خواديم المفاتيح
Automatically synchronize modified keys with key servers,Synchroniser automatiquement les clés modifiées avec les serveurs de clés,Veränderte Schlüssel automatisch mit den Schlüssel-Servern abgleichen,زامن المفاتيح المعدّلة آليا مع خواديم المفاتيح
By signing you indicate your trust that this key belongs to:,Votre signature atteste votre confiance que cette clé appartient à :,"Durch das Signieren bestätigen Sie, dass dieser Schlüssel der
folgenden Person gehört:",بالتوقيع تبيِّن أنك تثق في انتماء هذا المفتاح إلى:
Change,Modifier,Ändern,غيِّر
Create,Créer,Erstellen,أنشيء
Cancel,Annuler,,ألغِ
Cannot delete,Suppression impossible,,تعذّر الحذف
Can’t import key,Impossible d’importer la clé,,تعذّر استيراد المفتاح
Certificate,Certificat,Zertifikat,شهادة
Certificate request,Demande de certificat,Zertifikatanfrage,طلب شهادة
Certificates,Certificats,Zertifikate,الشّهادات
Certificates (DER encoded),Certificats (codage DER),Zertifikate (DER-enkodiert),الشّهادة (بترميز DER)
Certify,Certificat,Beglaubigen,اعتمد
Change Passphrase,Changer la phrase de passe,Passphrase ändern,غيّر عبارة السر
Change Passphrase,Changer la phrase de passe,Passphrase ändern,غيِّر عبارة السر
Change Password,Modifier le mot de passe,Passwort ändern,غيّر كلمة السر
Change password,Modifier le mot de passe,,غيّر كلمة السر
Choose Photo to Add to Key,Choisissez une photo à joindre à la clé,"Wählen Sie ein Foto aus, um es zum Schlüssel hinzuzufügen",اختر صورة لتُضاف إلى المفتاح
Choose Signing Key,,,اختر مفتاح التوقيع
Clipboard text,Texte du presse-papiers,Text der Zwischenablage,نص الحافظة
Comment,Commentaire,Kommentar,التعليق
Compromised,Compromise,Unsicher,معرّض للمخاطِر
Confirm Passphrase:,Confirmer la phrase de passe :,Passphrase bestätigen:,أكد عبارة السر:
Configure Key for Secure Shell…,Configurer la clé pour un shell sécurisé…,SSH-Schlüssel einrichten …,اضبط مفتاح الصدفة الآمنة…
Configuring Secure Shell Keys…,Configuration de clés de shell sécurisé…,SSH-Schlüssel werden eingerichtet …,اضبط مفاتيح الصدفة الآمنة…
Confirm new passphrase,Confirmer la nouvelle phrase de passe,Bestätigen Sie die neue Passphrase,أكِّد عبارة السر الجديدة
Confirm:,Confirmation :,Wiederholung:,أكِّد:
Connecting to: %s,Connexion à : %s,,يتصل بـ: %s
Contributions:,Contributions :,,المساهمات:
Copy,Copier,,انسخ
Could not display help: %s,,,تعذّر عرض المساعدة: %s
Couldn’t add item,Impossible d’ajouter l’élément,Eintrag konnte nicht hinzugefügt werden,تعذّر إضافة العنصر
Couldn’t add keyring,Impossible d’ajouter un trousseau,Schlüsselbund konnte nicht hinzugefügt werden,تعذّر إضافة حلقة مفاتيح
Couldn’t add photo,Impossible d’ajouter une photo,,تعذّر إضافة الصورة
Couldn’t add revoker,,,تعذّر إضافة الناقض
Couldn’t add subkey,,,تعذّر إضافة مفتاح فرعي
Couldn’t add user ID,Impossible d’ajouter l’identifiant utilisateur,Benutzerkennung konnte nicht hinzugefügt werden,تعذّر إضافة معرّف المستخدم
Couldn’t change authorization for key.,Impossible de modifier l’autorisation de la clé.,Die Legitimierung für den Schlüssel konnte nicht geändert werden.,تعذّر تغيير سماحية المفتاح.
Couldn’t change expiry date,Impossible de modifier la date d’expiration,Das Ablaufdatum konnte nicht geändert werden,تعذّر تغيير تاريخ الانتهاء
Couldn’t change keyring password,Impossible de modifier le mot de passe du trousseau,Das Schlüsselbund-Passwort konnte nicht geändert werden,تعذّر تغيير كلمة سر حلقة المفاتيح
Couldn’t change passphrase for key.,Impossible de modifier la phrase de passe de la clé.,Die Passphrase des Schlüssels konnte nicht geändert werden.,تعذّر تغيير عبارة سر المفتاح.
Couldn’t change password.,Impossible de modifier le mot de passe.,Das Passwort konnte nicht geändert werden.,تعذّر تغيير كلمة السر.
Couldn’t change primary photo,Impossible de modifier la photo principale,Das primäre Foto konnte nicht geändert werden,تعذّر تغيير الصورة الأوّلية
Couldn’t change primary user ID,Impossible de modifier l’identifiant utilisateur principal,Die primäre Benutzerkennung konnte nicht geändert werden,تعذّر تغيير معرّف المستخدم الأوليّ
Couldn’t communicate with %s: %s,Impossible de communiquer avec %s : %s,Verbindung mit »%s« fehlgeschlagen: %s,تعذّر التواصل مع %s:‏ %s
Couldn’t communicate with server “%s”: %s,,,تعذّر التواصل مع الخادوم ”%s“:‏ %s
Couldn’t configure Secure Shell keys on remote computer.,Impossible de configurer des clés de shell sécurisé sur l’ordinateur distant.,,تعذّر إعداد مفتاح الصدفة الآمنة على الحاسوب البعيد.
Couldn’t create certificate request,Impossible de créer la demande de certificat,Zertifikatanfrage konnte nicht erstellt werden,تعذّر إنشاء طلب الشهادة
Couldn’t delete,Suppression impossible,,تعذّر الحذف
Couldn’t delete photo,Impossible de supprimer la photo,,تعذّر حذف الصورة
Couldn’t delete subkey,Impossible de supprimer la sous-clé,,تعذّر حذف المفتاح الفرعي
Couldn’t delete user ID,Impossible de supprimer l’identifiant utilisateur,,تعذر حذف معرّف المستخدم
Couldn’t export data,Impossible d’exporter les données,,تعذّر تصدير البيانات
Couldn’t export key,Impossible d’exporter la clé,Schlüssel konnte nicht exportiert werden,تعذّر تصدير المفتاح
Couldn’t export keys,Impossible d’exporter les clés,,تعذّر تصدير المفاتيح
Couldn’t generate PGP key,Impossible de générer la clé PGP,Der PGP-Schlüssel konnte nicht erzeugt werden,تعذّر توليد مفتاح PGP
Couldn’t generate Secure Shell key,Impossible de générer la clé de shell sécurisé,Der SSH-Schlüssel konnte nicht erzeugt werden,تعذّر توليد مفتاح صدفة آمنة
Couldn’t generate private key,Impossible de générer la clé privée,Geheimer Schlüssel konnte nicht erstellt werden,تعذّر توليد المفتاح السري
Couldn’t import key: %s,Impossible d’importer la clé : %s,Schlüssel konnte nicht importiert werden: %s,تعذّر استيراد المفتاح: %s
Couldn’t load newly generated Secure Shell key,Impossible de charger la clé de shell sécurisé nouvellement créée,Der neu erzeugte SSH-Schlüssel konnte nicht geladen werden,تعذّر توليد مفتاح صدفة آمنة
Couldn’t lock,Impossible de verrouiller,Sperren nicht möglich,تعذّر الإيصاد
Couldn’t prepare photo,Impossible de préparer la photo,,تعذّر تجهيز الصورة
Couldn’t publish keys to server,Impossible de publier les clés vers le serveur,Schlüssel konnte nicht zum Server übertragen werden,تعذر نشر المفاتيح على الخادوم
Couldn’t rename key.,Impossible de renommer la clé.,Schlüssel konnte nicht umbenannt werden.,تعذّر تغيير اسم المفتاح.
Couldn’t resolve address: %s,,,تعذّر حل العنوان: %s
Couldn’t retrieve keys from server: %s,Impossible de récupérer les clés depuis le serveur : %s,Schlüssel konnte nicht vom Server abgerufen werden: %s,تعذّر الحصول على المفاتيح من الخادوم: %s
Couldn’t revoke subkey,Impossible de révoquer la sous-clé,Unterschlüssel konnte nicht widerrufen werden,تعذّر نقض المفتاح الفرعي
Couldn’t save certificate request,Impossible d’enregistrer la demande de certificat,Zertifikatanfrage konnte nicht gespeichert werden,تعذّر حفظ طلب الشهادة
Couldn’t set default keyring,Impossible de définir le trousseau par défaut,Das Standard-Schlüsselbund konnte nicht gesetzt werden,تعذّر تحديد حلقة المفاتيح المبدئية
Couldn’t set description.,Impossible de définir la description.,Die Beschreibung konnte nicht gespeichert werden.,تعذّر وضع وصف.
Couldn’t sign key,Impossible de signer la clé,Schlüssel konnte nicht signiert werden,تعذّر توقيع المفتاح
Couldn’t unlock,Impossible de déverrouiller,Entsperren nicht möglich,تعذّر الفتح
Couldn’t unlock keyring,Impossible de déverrouiller le trousseau,,تعذّر فتح حلقة المفاتيح
Create,Créer,,أنشئ
Create a certificate request file for this key,Créer un fichier de demande de certificat pour cette clé,,أنشئ ملف طلب شهادة لهذا المفتاح
Create a certificate request file.,Créer un fichier de demande de certificat.,,أنشئ ملف طلب شهادة.
Create a new private key,Créer une nouvelle clé privée,Einen neuen geheimen Schlüssel erzeugen,أنشئ مفتاحًا سريا جديدًا
Create the new user ID,Créer le nouvel identifiant utilisateur,Neue Benutzerkennung anlegen,أنشئ معرّف مستخدم جديد
Created,Créée le,Erzeugt,تاريخ الإنشاء
Created on,Créé le,Erzeugt am,تاريخ الإنشاء
Created:,,,تاريخ الإنشاء:
Creating Secure Shell Key,Création d’une clé de shell sécurisé,SSH-Schlüssel wird erstellt,يجري إنشاء مفتاح صدفة آمنة
Custom,Personnalisé,Benutzerdefiniert,مخصّص
DSA,DSA,DSA,DSA
DSA (sign only),DSA (signature seule),DSA (nur signieren),‏DSA (توقيع فقط)
DSA ElGamal,DSA et ElGamal,DSA Elgamal,خوارزمية الجمل للتوقيع الإلكتروني
Data to be imported,Données à importer,,البيانات التي ستُستورَد
Date,,,التاريخ
Dates,,,التّواريخ
Dates:,,,التّواريخ:
Day,,,اليوم
Day of month part of the lower date limit,,,جزء اليوم من تاريخ الحد الأدنى
Day of month part of the upper date limit,,,جزء اليوم من تاريخ الحد الأقصى
Decryption failed. You probably do not have the decryption key.,Le déchiffrement a échoué. Vous ne disposez probablement pas de la clé de déchiffrement.,Die Entschlüsselung ist gescheitert. Vermutlich fehlt Ihnen der dazugehörige Schlüssel.,فشل استخراج التعمية. ؤبما لا تملك مفتاح التعمية.
Delete,Supprimer,Löschen,احذف
Delete Password,Supprimer le mot de passe,,احذف كلمة السر
Delete SSH Key,,,احذف مفتاح الصدغة الآمنة
Delete this certificate or key,Détruire ce certificat ou cette clé,,احذف هذه الشهادة أو المفتاح
Description,Description,Beschreibung,الوصف
Details,Détails,Details,التفاصيل
Disabled,Désactivée,Deaktiviert,معطل
Display flags,,,اعرض الشارات
Displayed date and/or time properties,,,خصائص التاريخ و/أو الوقت المعروضة
Displayed day of month,,,يوم الشهر المعروض
Displayed hour,,,الساعة المعروضة
Displayed minute,,,الدقيقة المعروضة
Displayed month,,,الشهر المعروض
Displayed second,,,الثانية المعروضة
Displayed year,,,السنة المعروضة
"Double click on a key to inspect it, or click the import button to import it into your local keyring.","Double-cliquez sur une clé pour l’examiner, ou cliquez sur le bouton d’importation pour l’importer dans votre trousseau de clés local.","Klicken Sie doppelt auf einen Schlüssel, um ihn zu betrachten, oder klicken Sie auf den Importieren-Knopf, um ihn zu Ihrem Schlüsselbund hinzuzufügen.",انقر نقرًا مزدوجًا على المفتاح لفحصه، أو انقر على زر الاستيراد لاستيراده إلى حلقة مفاتيحك المحلية.
Dropped text,Texte déposé,Eingefügter Text,النص المُفلت
ECDSA,ECDSA,ECDSA,ECDSA
ED25519,ED25519,,ED25519
Expiration Date,Date d’expiration,Ablaufdatum,تاريخ انتهاء الصلاحية
ElGamal,ElGamal,ElGamal,الجمل
ElGamal (encrypt only),ElGamal (chiffrement seul),ElGamal (nur verschlüsseln),الجمل (تعمية فقط)
Encrypt,Chiffrement,Verschlüsseln,عمِّ
Encryption Type,Type de chiffrement,Verschlüsselungs-Typ,نوع التعمية
Encryption Type:,,,نوع التعمية:
Encryption key password,Mot de passe de clé de chiffrement,Verschlüsselungs-Passwort,كلمة سر مفتاح تعمية
Enter Key Passphrase,Saisissez la phrase de passe de la clé,Geben Sie die Passphrase des Schlüssels ein,أدخل عبارة سر المفتاح
Enter PIN or password for: %s,Saisissez le code PIN ou le mot de passe pour : %s,Geben Sie die PIN oder das Passwort ein für: %s,ادخل كلمة السر أو رمز PIN ل‍: %s
Enter new passphrase,Saisissez la nouvelle phrase de passe,Geben Sie eine neue Passphrase ein,أدخل عبارة سر جديدة
Enter new passphrase for “%s”,Saisissez la nouvelle phrase de passe pour « %s »,Geben Sie eine neue Passphrase für »%s« ein,أدخل عبارة سر جديدة لـ”%s“
Enter passphrase,Saisissez la phrase de passe,Geben Sie die Passphrase ein,أدخل عبارة السر
Enter passphrase for “%s”,Saisissez la phrase de passe pour « %s »,Geben Sie die Passphrase für »%s« ein,أدخل عبارة سر ”%s“
Enter the date directly,Saisissez directement la date,Geben Sie das Datum direkt ein,أدخِل التاريخ مباشرة
Enter the new passphrase again: %s,Saisissez encore une fois la nouvelle phrase de passe pour : %s,Geben Sie die neue Passphrase erneut ein: %s,أدخل عبارة السر الجديدة مرة أخرى: %s
Enter the new passphrase for: %s,Saisissez la nouvelle phrase de passe pour : %s,Geben Sie eine neue Passphrase ein für: %s,أدخل عبارة السر الجديدة لـ: %s
Enter the old passphrase for: %s,Saisissez l’ancienne phrase de passe pour : %s,Geben Sie die alte Passphrase ein für: %s,أدخل عبارة السر القديمة لـ: %s
Enter the passphrase for your new key twice.,Saisissez deux fois la phrase de passe pour votre nouvelle clé.,Geben Sie die Passphrase des neuen Schlüssels zweimal ein.,أدخل عبارة السر لمفتاحك الجديد مرتين.
Enter the time directly,,,أدخل الوقت مباشرة
Enter your Secure Shell passphrase:,Saisissez votre phrase de passe du shell sécurisé :,Passphrase für Secure Shell (SSH):,عبارة سر لمفتاح الصدفة الآمنة:
Error changing password,Erreur lors de la modification du mot de passe,Fehler beim Ändern des Passworts,خطأ في تغيير كلمة السر
Error deleting the SSH key.,Erreur de suppression de la clé SSH.,,خطأ في حذف مفتاح الصدفة الآمنة.
Error deleting the password.,Erreur lors de la suppression du mot de passe.,,خطأ في حذف كلمة السر.
Expiration Date:,,,تاريخ الانتهاء:
Expire,,,انهِ صلاحيّته
Expired,,,منتهي الصلاحية
Expires,Expire,Läuft ab,تاريخ انتهاء الصلاحية
Expires:,,,تنتهي صلاحيته:
Expiry: %s,Expiration : %s,Ablaufdatum: %s,انتهاء الصلاحية: %s
Export,Exporter,Exportieren,صدِّر
Export the certificate,Exporte le certificat,,صدّر الشهادة
Exporting data,Exportation de données,Daten werden exportiert,يصدّر البيانات
Export…,Exporter…,Exportieren …,صدِّر…
Failed to export certificate,L’exportation du certificat a échoué,,فشل تصدير الشهادة
Filter,Filtrer,Filter,رشّح
Filter items:,Filtrer les éléments :,Einträge filtern:,رشّح العناصر:
Find Remote Keys,Chercher des clés distantes,Entfernte Schlüssel suchen,اعثر على مفاتيح بعيدة
Fingerprint,Empreinte,Fingerabdruck,البصمة
Fingerprint:,,,البصمة:
For help contact your system administrator or the administrator of the key server.,,,اتصل بمدير نظامك أو بمدير خادوم المفاتيح لتحصل على مساعدة.
Full,Complète,Vollkommen,كاملة
Full Name,Nom complet,Vollständiger Name,الاسم الكامل
Fully,Complète,,كاملة
GNOME Online Accounts password,Mot de passe GNOME Online Accounts,Passwort für GNOME-Online-Konten,كلمة سر حسابات جنوم على الإنترنت
GNOME Web password,Mot de passe GNOME Web,Passwort für GNOME Web,كلمة سر «وِب جنوم»
GPG key,Clé GPG,GPG-Schlüssel,مفتاح GPG
Generate a new key,Générer une nouvelle clé,Einen neuen Schlüssel erzeugen,ولِّد مفتاحًا جديدًا
Generate a new subkey,Générer une nouvelle sous-clé,Einen neuen Unterschlüssel erzeugen,ولِّد مفتاح فرعي جديد
Generating key,Génération de clé,Schlüssel wird erstellt,يجري توليد المفتاح
GnuPG keys,Clés GnuPG,GnuPG-Schlüssel,مفاتيح GnuPG
GnuPG: default keyring directory,GnuPG : répertoire par défaut du trousseau,GnuPG: Vorgegebener Ordner für den Schlüsselbund,‏GnuPG: دليل حلقة المفاتيح المبدئي
Go to next photo,Aller à la photo suivante,,إذهب إلى الصورة التالية
Go to previous photo,Aller à la photo précédente,,إذهب إلى الصورة السابقة
Good,,,جيّد
Google Chrome password,Mot de passe Google Chrome,Passwort für Google Chrome,كلمة سر جوجل كروم
HTTP Key Server,Serveur de clés HTTP,HTTP-Schlüssel-Server,خادوم مفاتيح HTTP
Height (in pixels) of the window.,Hauteur (en pixels) de la fenêtre.,Höhe des Fensters (in Pixeln).,ارتفاع النّافذة (بالبكسل).
Height of the window,Hauteur de la fenêtre,Höhe des Fensters,ارتفاع النّافذة
Host:,Hôte :,,المستضيف:
Hour,,,الساعة
Hour part of the lower time limit,,,جزء الساعة من تاريخ الحد الأدنى
Hour part of the upper time limit,,,جزء الساعة من تاريخ الحد الأقصى
How carefully have you checked this key?,Avec quelle précaution avez-vous vérifié cette clé ?,Wie sorgfältig haben Sie den Schlüssel überprüft?,ما مدى حرصك عند فحص هذا المُفتاح؟
How others will see this signature:,Comment les autres verront cette signature :,,كيف سيرى الآخرون هذا التوقيع:
I can revoke this signature at a later date.,Je peux révoquer cette signature à une date ultérieure.,Ich möchte diese Signatur zu einem anderen Zeitpunkt widerrufen können.,يمكنني نقض هذا التوقيع في وقت لاحق.
I trust signatures from “%s” on other keys,,,أثِق بتوقيع ”%s“ على المفاتيح الأخرى
I understand that all items will be permanently deleted.,Je comprends que tous les éléments vont être supprimés définitivement.,,أفهم أن كل العناصر ستحذف للأبد.
I understand that this key will be permanently deleted.,Je comprends que cette clé sera supprimée définitivement.,,أفهم أن هذا المفتاح سيحذف للأبد.
I understand that this secret key will be permanently deleted.,Je comprends que cette clé secrète sera supprimée définitivement.,,أفهم أن هذا المفتاح السري سيحذف للأبد.
ID,,,المعرّف
IM account password for,Mot de passe du compte de messagerie instantanée pour,Sofortnachrichten-Passwort für,كلمة سر حساب المراسلة الفورية
If key never expires,Si la clé n’a pas une durée de vie limitée,Wenn der Schlüssel nie abläuft,إذا كان المفتاح لا ينتهي أبدًا
"If there is a computer you want to use this key with, you can set up that computer to recognize your new key.","Si vous savez déjà que vous allez utiliser cette clé pour un ordinateur précis, vous pouvez le configurer maintenant pour qu’il reconnaisse cette nouvelle clé.","Falls es bereits einen Rechner gibt, für den Sie diesen Schlüssel nutzen möchten, können Sie den Rechner jetzt so einrichten, dass er Ihren neuen Schlüssel erkennt.",إذا كان هناك حاسوب ترغب في استعمال هذا المفتاح معه، يمكنك ضبط ذلك الحاسوب ليتعرّف على مفتاحك الجديد.
"If you believe that the person that owns this key is “%s”, sign this key:",,,إذا كنت تثق في أن الشخص الذي يمتلك هذا المفتاح هو ”%s“، وقّع هذا المفتاح:
"If you no longer trust that “%s” owns this key, revoke your signature:",,,إذا لم تعد تثق في أن ”%s“ يمتلك هذا المفتاح، انقض توقيعك:
Import,Importer,Importieren,استورد
Import Key,Importer une clé,Schlüssel importieren,استورد مفتاح
Import failed,Échec de l’importation,,فشل الاستيراد
Import from file…,Importer depuis un fichier…,Aus einer Datei importieren …,استورد من ملف…
Importing data,Importation de données,Daten werden importiert,يستورد البيانات
Importing key. Enter passphrase,Importation de la clé. Saisissez la phrase de passe,Schlüssel wird importiert. Geben Sie die Passphrase ein,يستورد المفتاح. أدخل عبارة السر
Importing key: %s,Importation de la clé : %s,Schlüssel importieren: %s,استيراد المفتاح: %s
Indicate Trust:,,,بيِّن الثقة:
Instant messaging password,Mot de passe de messagerie instantanée,Passwort für Sofortnachrichten,كلمة سر التراسل الفوري
Invalid expiry date,Date d’expiration non valide,Ungültiges Ablaufdatum,تاريخ انتهاء غير سليم
Invalid key data (missing UIDs). This may be due to a computer with a date set in the future or a missing self-signature.,Données de clé non valide (UID manquant). Cela peut provenir d’une date d’un ordinateur configurée dans le futur ou d’une auto-signature manquante.,"Ungültige Schlüsseldaten (Benutzerkennungen fehlen). Dies kann auf einen Rechner, dessen Systemdatum in der Zukunft liegt oder auf eine fehlende Selbstsignatur zurückzuführen sein.",بيانات غير صالحة (تفتقد UID). قد يكون هذا بسبب حاسوب ضُبط تاريخه إلى تاريخ مستقبلي أو لفقد التوقيع الذاتي.
Item Properties,Propriétés de l’élément,Eigenschaften des Eintrags,خصائص العنصر
Key,Clé,Schlüssel,مفتاح
Key Comment,Commentaire de la clé,Schlüssel-Kommentar,تعليق المُفتاح
Key Data,Données de la clé,Schlüsseldaten,بيانات المفتاح
Key ID,Identifiant de la clé,Schlüsselkennung,معرّف المفتاح
Key ID:,,,معرّف المفتاح:
Key Length,Longueur de la clé,,طول المفتاح
Key Name,Nom de la clé,Schlüsselname,اسم المفتاح
Key Names and Signatures,,,أسماء المفاتيح و التوقيعات
Key Server Type:,Type de serveur de clés :,,نوع خادوم المفاتيح:
Key Servers,,,خواديم المفاتيح
Key Servers:,,,خواديم المفاتيح:
Key Length:,,,طول المفتاح:
Key Strength (bits),Force de la clé (bits),Schlüssellänge (bits),شدة المفتاح (بالبِتات)
Key Strength (bits):,Force de la clé (bits) :,,شدة المفتاح (ثنائيات):
Key Type:,Type de la clé :,,نوع المفتاح:
Key has been compromised,La clé a été compromise,Schlüssel ist nicht mehr sicher,لقد تعرّض هذا المفتاح للخطر
Key has been superseded,La clé a été remplacée,Schlüssel wurde ersetzt,أُلغِي المفتاح
Key import succeeded,Clé importée avec succès,Schlüssel wurde erfolgreich importiert,نجح استيراد المفتاح
Key is no longer used,La clé n’est plus utilisée,Schlüssel wird nicht mehr verwendet,لم يعد هذا المفتاح مًستخدما بعد الآن
Key storage password,Mot de passe d’enregistrement de clé,Passwort zum Speichern von Schlüsseln,كلم سر مخزن مفاتيح
Keyring is locked,Le trousseau est verrouillé,Schlüsselbund ist gesperrt,حلقة المفاتيح موصدة
Keyring is unlocked,,Schlüsselbund ist entsperrt,حلقة المفاتيح مفتوحة
Keyring password,Mot de passe du trousseau,Schlüsselbund-Passwort,كلمة السر حلقة مفاتيح
Keyring properties,Propriétés du trousseau,,خصائص حلقة المفاتيح
Keys used to connect securely to other computers,Clés utilisées pour se connecter de manière sécurisée à d’autres ordinateurs,Schlüssel zur sicheren Verbindung mit anderen Rechnern,يُستخدم للاتصال بالحواسيب الأخرى بأمان
LDAP Key Server,Serveur de clés LDAP,LDAP-Schlüssel-Server,خادوم مفاتيح LDAP
Label:,Étiquette :,,العنوان:
Last key server search pattern,Dernier motif de recherche de serveur de clés,Letztes Suchmuster für Schlüsselserver,آخر نمط بحث في خادوم مفاتيح
Last key servers used,Dernier serveur de clés utilisé,Zuletzt verwendeter Schlüsselserver,آخر خادوم مفاتيح استُخدِم
Lazy mode,,,الطور الكسول
Lazy mode doesn’t normalize entered date and time values,,,الطور الكسول لا يُطبّع قيم التاريخ والوقت المدخلة
Length of Key,Longueur de la clé,,طول المفتاح
Location,Emplacement,Ort,الموضع
Lock,,,أوصد
Login,Identifiant,Anmeldename,الولوج
Lower limit day,,,يوم الحد الأدنى
Lower limit hour,,,ساعة الحد الأدنى
Lower limit minute,,,دقيقة الحد الأدنى
Lower limit month,,,شهر الحد الأدنى
Lower limit second,,,ثانية الحد الأدنى
Lower limit year,,,سنة الحد الأدنى
Make this photo the primary photo,Faire de cette photo la principale,,اجعل هذه الصورة الأوليّة
Manage your passwords and encryption keys,Gérer vos mots de passe et vos clés de chiffrement,Verwalten Sie Ihre Passwörter und Schlüssel,أدِر كلمات سرّك ومفاتيح تعميتك
Marginal,Marginale,Geringfügig,هامشية
Marginally,Marginale,,هامشية
Minute,,,الدقيقة
Minute part of the lower time limit,,,جزء الدقيقة من تاريخ الحد الأدنى
Minute part of the upper time limit,,,جزء الدقيقة من تاريخ الحد الأقصى
Month,,,الشهر
Month part of the lower date limit,,,جزء الشهر من تاريخ الحد الأدنى
Month part of the upper date limit,,,جزء الشهر من تاريخ الحد الأقصى
Multiple Keys,Clés multiples,,مفاتيح متعددة
Must be at least 5 characters long,Doit être long d’au moins 5 caractères,Muss mindestens 5 Zeichen umfassen,يجب أن يكون طوله 5 محارف على الأقل
Name,Nom,Name,الاسم
Name (CN):,Nom (CN) :,,الاسم (CN):
Name must be at least 5 characters long.,Le nom doit comporter au moins 5 caractères.,Der Name muss mindestens 5 Zeichen umfassen.,يجب أن يكون طول الاسم ٥ محارف على الأقل.
Name/Email,,,اسم/بريد إلكتروني
Names and Signatures,,,أسماء وتوقيعات
Never Expires,N’expire jamais,Läuft nie ab,لا تنتهي صلاحيته أبدًا
Network Credentials,Informations d’identification réseau,Netzwerk-Anmeldedaten,مُؤهلات الشبكة
Network Manager secret,Secret du gestionnaire de réseau,Geheimnis der Netzwerkverwaltung,سر مدير الشبكة
Network connection secret,Secret de la connexion réseau,Geheimnis der Netzwerkverbindung,سر اتصال الشبكة
Network password,Mot de passe du réseau,Netzwerk-Passwort,كلمة السر الشبكة
Never,Jamais,Nie,أبدًا
Never Expires,N’expire jamais,Läuft nie ab,لا ينتهي أبدا
New Key Passphrase,Phrase de passe de la nouvelle clé,Neue Passphrase für Schlüssel,عبارة سر مفتاح جديدة
New Keyring Name:,Nom du nouveau trousseau :,Name des neuen Schlüsselbunds:,اسم الحلقة الجديدة:
New PGP key,Nouvelle clé PGP,Neuer PGP-Schlüssel,مفتاح PGP جديد
New Secure Shell Key,Nouvelle clé de shell sécurisé,Neuer SSH-Schlüssel,مفتاح صدفة آمنة جديد
New Passphrase:,Nouvelle phrase de passe :,Neue Passphrase:,عبارة سر جديدة:
New private key,Nouvelle clé privée,,مفتاح سري جديد
No keys usable for signing,Aucune clé utilisable pour la signature,Keine Schlüssel zum Signieren nutzbar,لا توجد مفاتيح قابلة للتوقيع
No longer in use.,Plus utilisé.,Wird nicht mehr verwendet.,لم يعد مًستخدما بعد الآن.
No private key file is available for this key.,Aucun fichier de clé privée n’est disponible pour cette clé.,Für diesen Schlüssel ist kein geheimer Schlüssel verfügbar.,لا ملف مفتاح خاص متوفر لهذا المفتاح.
No public key file is available for this key.,Aucun fichier de clé publique n’est disponible pour cette clé.,Für diesen Schlüssel ist kein öffentlicher Schlüssel verfügbar.,لا ملف مفتاح عام متوفر لهذا المفتاح.
No reason,Aucune raison,Keine Begründung,لا سبب
No reason for revoking key,Aucune raison pour révoquer la clé,Keine Begründung für das Widerrufen des Schlüssels,لا سبب لسحب المفتاح
None: Don’t publish keys,Aucun : ne pas publier les clés,Keiner: Schlüssel nicht veröffentlichen,لا: لا تنشر المفاتيح
Not Used,Plus utilisée,Nicht verwendet,غير مُستخدَم
Not a valid Key Server address.,,,ليس عنوانا سليما لخادوم مفاتيح.
Old Key Passphrase,Phrase de passe de l’ancienne clé,Alte Passphrase des Schlüssels,عبارة سر المفتاح القديمة
OpenSSH keys,Clés OpenSSH,OpenSSH-Schlüssel,مفاتيح OpenSSH
OpenSSH: %s,OpenSSH : %s,OpenSSH: %s,‏OpenSSH: %s
Optional comment describing key,Commentaire optionnel décrivant la clé,"Optionaler Kommentar, der den Schlüssel beschreibt",تعليق اختياري يصف المفتاح
Optional description of revocation,Description optionnelle de la révocation,Optionale Beschreibung des Widerrufs,وصف إختياري للسحب
Optional email address,Adresse électronique optionnelle,Optionale E-Mail-Adresse,عنوان بريد إلكتروني اختياري
Override Owner Trust:,,,تخطّى ثقة المالِك:
Owner,,,المالك
PEM encoded request,Demande PEM codée,PEM-enkodierte Anfrage,طلب بترميز PEM
PGP Keys,Clés PGP,PGP-Schlüssel,مفاتيح PGP
PGP key,Clé PGP,PGP-Schlüssel,مفتاح PGP
PGP keys,Clés PGP,PGP-Schlüssel,مفاتيح PGP
PGP keys are for encrypting email or files,Les clés PGP servent au chiffrement des courriels ou des fichiers,"PGP-Schlüssel werden verwendet, um E-Mails und Dateien zu verschlüsseln",مفاتيح PGP لتعمية البريد والملفات
PM,,,م
Passphrase,Phrase de passe,Passphrase,عبارة السر
Passphrase for New PGP Key,Phrase de passe pour la nouvelle clé PGP,Passphrase des neuen PGP-Schlüssels,عبارة السر لمفتاح PGP الجديد
Passphrase for New Secure Shell Key,Phrase de passe pour la nouvelle clé du shell sécurisé,Passphrase des neuen SSH-Schlüssels,عبارة سر لمفتاح الصدفة الآمنة الجديد
Password,Mot de passe,Passwort,كلمة السر
Password keyring,Trousseau de mots de passe,Passwort-Schlüsselbund,حلقة مفاتيح كلمات السر
Password or secret,,,كلمة سر
Password:,Mot de passe :,Passwort:,كلمة السر:
Passwords,Mots de passe,Passwörter,كلمات السر
Passwords and Keys,Mots de passe et clés,Passwörter und Verschlüsselung,كلمات السرِّ ومفاتيح التعمية
Personal PGP key,Clé PGP personnelle,Eigener PGP-Schlüssel,مفتاح PGP سري
Personal SSH key,Clé SSH personnelle,Eigener SSH-Schlüssel,مفتاح صدفة آمنة سري
Personal certificate,Certificat personnel,Persönliches Zertifikat,شهادة شخصية
Personal certificate and key,Clé et certificat personnel,Persönliches Zertifikat und Schlüssel,شهادة ومفتاح شخصييْن
Please choose a name for the new keyring. You will be prompted for an unlock password.,Veuillez choisir un nom pour le nouveau trousseau. Un mot de passe de déverrouillage vous sera demandé ensuite.,Bitte wählen Sie einen Namen für den neuen Schlüsselbund. Sie werden dann nach einem Entsperrpasswort gefragt.,من فضلك اختر اسما للحلقة الجديدة. ستسأل عن كلمة سر للفتح.
Preferences,Préférences,Einstellungen,التفضيلات
Primary,,,أوّلي
Private key,Clé privée,Geheimer Schlüssel,مفتاح سري
Properties,Propriétés,Eigenschaften,الخصائص
Public SSH keys,Clé SSH publique,Öffentliche SSH-Schlüssel,مفاتيح صدفة آمنة علنية
Publish keys to this key server,Publier les clés vers ce serveur de clés,Schlüssel auf diesem Schlüsselserver veröffentlichen,انشر في خادوم المفاتيح هذا
RSA,RSA,RSA,RSA
RSA (encrypt only),RSA (chiffrement seul),RSA (nur verschlüsseln),‏RSA (تعمية فقط)
RSA (sign only),RSA (signature seule),RSA (nur signieren),‏RSA (توقيع فقط)
Revoke,Révoquer,Widerrufen,أَبْطِل
Reason for revoking the key,Raison pour révoquer la clé,,سبب سحب المفتاح
Remote Access,,Entfernter Zugriff,الوصول عن بعد
Remote Host Password,Mot de passe de l’hôte distant,Netzwerk-Passwort,كلمة سر المستضيف البعيد
Remote keys,Clés distantes,,المفاتيح البعيدة
Remote keys containing “%s”,Clés distantes contenant « %s »,,المفاتيح البعيدة التي تحتوي ”%s“
Remove this photo from this key,Enlever cette photo de cette clé,,ازل هذه الصورة من هذا المفتاح
Request Certificate,,,اطلب شهادة
Resolving server address: %s,Résolution de l’adresse du serveur : %s,,يجري حل عنوان الخادوم: %s
Retrieving data,Récupération de données,Daten werden empfangen,يجلب البيانات
Revoke,Révoquer,Widerrufen,انقض
Revoke key,Révoquer la clé,,انقض المفتاح
Revoke: %s,Révocation : %s,Widerrufen: %s,انقض: %s
Revoked,Révoquée,Widerrufen,منقوض
SSH Key,Clé SSH,SSH-Schlüssel,مفتاح صدفة آمنة
SSH Key Properties,Propriétés de la clé SSH,,خصائص مفتاح الصدفة الآمنة
SSH key,Clé SSH,SSH-Schlüssel,مفتاح صدفة آمنة
Safely store a password or secret,Enregistre de manière sécurisée un mot de passe ou un secret,Ein Passwort oder Geheimnis sicher verwahren,احفظ كلمة سر أو أمر سري بأمان
Save,Enregistrer,,احفظ
Save certificate request,Enregistrer la demande de certificat,Zertifikatanfrage speichern,احفظ طلب الشهادة
Save changes for this item?,Enregistrer les modifications de cet élément ?,,أتريد حفظ التغييرات في هذا العنصر؟
Saved password or login,Mot de passe ou identifiant enregistré,Gespeicherte(s) Passwort oder Benutzerkennung,كلمة سر أو ولوج محفوظ
Seahorse,,,«حصان البحر»
Seahorse Project Homepage,Page d’accueil du projet Seahorse,,صفحة مشروع «حصان البحر»
"Seahorse is a GNOME application for managing encryption keys. It also integrates with nautilus, gedit and other places for encryption operations.",,,«حصان البحر» هو تطبيق جنوم لإدارة مفاتيح التعمية. يتكامل أيضا مع مدير ملفات جنوم و محررها و أماكم أخرى لتوفير خدمات التعمية.
Search for a key or password,Cherche une clé ou un mot de passe,Nach einem Schlüssel oder Passwort suchen,ابحث عن مفتاح أو كلمة سر
Search was not specific enough. Server “%s” found too many keys.,,,لم يكن البحث محددًا بما فيه الكفاية. وجد الخادوم ”%s“ مفاتيح كثيرة.
Second,,,الثانية
Second part of the lower time limit,,,جزء الثانية من تاريخ الحد الأدنى
Second part of the upper time limit,,,جزء الثانية من تاريخ الحد الأدنى
Secret SSH keys,Clé SSH secrète,Geheime SSH-Schlüssel,مفاتيح صدفة آمنة سرية
Secure Shell,Shell sécurisé,Secure Shell,صدفة آمنة
Secure Shell Key,Clé du shell sécurisé,SSH-Schlüssel,مفتاح صدفة آمنة
Secure Shell key,Clé du shell sécurisé,SSH-Schlüssel,مفتاح صدفة آمنة
Select Date,,,اختر تاريخا
Select Time,,,اختر وقتا
Select the date from a calendar,Sélectionnez la date dans un calendrier,Ein Datum aus einem Kalender auswählen,اختر تاريخا من التقويم
Select the time from a list,,,اختر وقتا من القائمة
Sending data,Envoi de données,Daten werden gesendet,يرسل البيانات
Server,Serveur,Server,الخادوم
Set Up,Configurer,,ركِّب
Set Up Computer for SSH Connection,Configurer un ordinateur pour une connexion SSH,,اضبط الحاسوب لاتصال SSH
Set as default,Par défaut,,اجعلها المبدئية
Shared Keys Near Me:,,,المفاتيح المُشاركة القريبة منِّي:
Show trusted,Afficher les données de confiance,Vertrauenswürdige anzeigen,أظهر الموثوقة
Show any,Tout afficher,Alle anzeigen,أظهر الكل
Show expiry column,Afficher la colonne d’expiration,Spalte für Ablaufdatum anzeigen,اظهر عمود انتهاء الصلاحية
Show keyrings sidebar,Afficher la barre latérale des trousseaux,Schlüsselbund-Seitenleiste anzeigen,أظهر شريط حلقات المفاتيح الجانبي
Show keyrings sidebar in Seahorse.,Afficher la barre latérale des trousseaux de clés dans Seahorse.,Schlüsselbund-Seitenleiste in der Seitenleiste von Seahorse anzeigen.,أظهر شريط حلقات المفاتيح الجانبي في «حصان البحر».
Show personal,Afficher les données personnelles,Eigene anzeigen,أظهر الشخصية
Show trust column,Afficher la colonne de confiance,Spalte für Vertrauenswürdigkeit anzeigen,أظهر عمود الثقة
Show type column,Afficher la colonne du type,Spalte für Typ anzeigen,أظهر عمود النوع
Show validity column,Afficher la colonne de validité,Spalte für Gültigkeit anzeigen,اظهر عمود الصلاحية
Show/Hide password,Afficher ou cacher le mot de passe,,أظهر\أخفِ كلمة السر
Sign,Signer,Signieren,وقِّع
Sign Key,Signer la clé,Schlüssel signieren,وقّع المفتاح
Sign key as:,Signer la clé comme :,,وقع المفتاح باسم:
Signature ID,,,معرّف التوقيع
"Specify the column to sort the Seahorse key manager main window by. Columns are: “name”, “id”, “validity”, “expires”, “trust”, and “type”. Put a “-” in front of the column name to sort in descending order.","Indique la colonne de tri de la fenêtre principale du gestionnaire de clés Seahorse. Les colonnes sont : « name », « id », « validity », « expires », « trust » et « type ». Placez un « - » devant le nom de colonne pour trier dans l’ordre inverse.","Legt die Spalte fest, nach der das Hauptfenster sortiert werden soll. Mögliche Spaltennamen sind: »name« (Name), »id« (Kennung), »validity« (Gültigkeit), »expires« (Ablaufdatum), »trust« (Vertrauenswürdigkeit) und »type« (Typ). Setzen Sie einem Spaltennamen ein »-« voran, um die Spalte in absteigender Reihenfolge zu sortieren.",حدد العمود الذي سترتب نافذة مدير مفاتيح «حصان البحر» طبقا له. أسماء الأعمدة هي 'name'، و 'id'، و 'validity'، و 'expires'، و trust' و 'type'. ضع '-' أمام اسم العمود لترتب تنازليا.
Status,,,الحالة
Stored at:,Enregistré dans :,,محفوظ في:
Stored note,Note enregistrée,Gespeicherte Notiz,ملاحظة محفوظة
"Stored personal passwords, credentials and secrets","Mots de passe, informations d’authentification et secrets enregistrés","Gespeicherte persönliche Passwörter, Zugangsdaten und Geheimnisse",كلمات السر الخاصة والأسرار المحفوظة
Strength,,,الشدة
Strength:,,,الشدة:
Subkey %d of %s,Sous-clé %d de %s,Unterschlüssel %d von %s,المفتاح الفرعي %Id من %s
Superseded,Remplacée,Ersetzt,أُلغِي
Sync Keys,Synchroniser les clés,Schlüssel abgleichen,زامِن المفاتيح
Synchronizing keys…,Synchronisation des clés…,Schlüssel werden abgeglichen …,يجري مزامنة المفاتيح…
Technical Details,,,التفاصيل التقنية
Technical Details:,,,التفاصيل التقنية:
Telepathy password,Mot de passe Telepathy,Telepathy-Passwort,كلمة سر تليباثي
The column to sort the Seahorse keys by,Colonne de tri des clés Seahorse,"Die Spalte, nach der Seahorse die Schlüssel durchsuchen soll",العمود الذي سترتب مفاتيح «حصان البحر» طبقا له
The common name (CN) placed in the certificate request.,Le nom commun (CN) placé dans la demande de certificat.,,لم يوضع اسم شائع (CN) في طلب الشهادة.
The default width of the side pane.,La largeur par défaut du panneau latéral.,Die vorgegebene Breite der Seitenleiste.,العرض المبدئي للوح الجانبي.
The expiry date must be in the future,La date d’expiration doit être dans le futur,Das Ablaufdatum muss in der Zukunft liegen,يجب أن يكون تاريخ انتهاء الصلاحية في المستقبل
The file could not be loaded. It may be in an invalid format,,,تعذّر تحميل الملف. قد يكون بتنسيق غير صالح
The host name or address of the server.,Le nom de l’hôte ou l’adresse du serveur.,Rechnername oder Adresse des Servers.,اسم المستضيف أو عنوان الخادوم.
The key server to publish PGP keys to. Or empty to suppress publishing of PGP keys.,Le serveur de clés vers lequel publier les clés PGP. Laisser vide pour empêcher la publication des clés PGP.,"Der zuletzt zur Veröffentlichung von PGP-Schlüsseln verwendete Schlüsselserver. Lassen Sie dies leer, um die Veröffentlichung von PGP-Schlüsseln zu verhindern.",خادوم المفاتيح الذي ستنشر به مفاتيح PGP. أو اجعله خاليا لتثبِّط نشر مفاتيح PGP.
The keyrings chosen,Trousseaux de clés choisis,Gewählte Schlüsselbünde,حلقة المفاتيح المختارة
The last key server a search was performed against or empty for all key servers.,Le dernier serveur de clé utilisé pour effectuer une recherche ; laisser vide pour tous les serveurs de clés.,"Der letzte Schlüsselserver, auf dem eine Suche durchgeführt wurde. Lassen Sie dies leer, um alle Schlüsselserver zu verwenden.",آخر خادوم مفاتيح بُحث به أو فارغا لكل خواديم المفاتيح.
The last search pattern searched for against a key server.,Le dernier motif de recherche utilisé pour interroger un serveur de clés.,Das zuletzt für die Suche auf einem Schlüsselserver verwendete Suchmuster.,آخر نمط بحث بُحِث عنه في خادوم مفاتيح.
The operation was cancelled,L’opération a été annulée,Der Vorgang wurde abgebrochen,أُلغيت العملية
The owner of the key revoked the key. It can no longer be used.,,,لقد نُقِض هذا المفتح من قِبَل مالِكه. لم يعد من الممكن استخدامه.
The port to access the server on.,Le port sur lequel accéder au serveur.,,المنفذ الذي يتم الوصول إلى الخادوم عبره.
The search for keys failed.,La recherche de clés a échoué.,Die Suche nach Schlüsseln ist fehlgeschlagen.,فشل البحث عن المفاتيح.
This collection seems to be empty,Cette collection semble être vide,Diese Sammlung scheint leer zu sein,يبدو أن هذه التجميعة خالية
"This is not a image file, or an unrecognized kind of image file. Try to use a JPEG image.",Ce n’est pas un fichier image ou le format n’est pas reconnu. Essayez d’utiliser une image JPEG.,Dies ist entweder keine Bilddatei oder eine in einem unbekannten Format. Versuchen Sie eine JPEG-Bilddatei zu verwenden.,لليس هذا بملف صورة، أو بنوع معروف من مفات الصور. حاوِل استخدام صورة JPEG.
This key expired on: %s,,,انتهت صلاحية هذا المفتاح في: %s
This key has been revoked,,,نُقِض هذا المفتاح
This key has expired,,,انتهت صلاحية هذا المفتاح
"This key was already signed by
“%s”","Cette clé a déjà été signée par
« %s »","Der Schlüssel wurde bereits signiert von
»%s«","سبق أن وقّع هذا المفتاح
“%s”"
This was the third time you entered a wrong password. Please try again.,C’est la troisième fois que vous saisissez un mauvais mot de passe. Essayez à nouveau.,"Dies war das dritte Mal, dass Sie ein falsches Passwort eingegeben haben. Bitte versuchen Sie es erneut.",هذه المرة الثالثة التي تدخل فيها كلمة سر خطأ. أعد المحاولة من فضلك.
This will find keys for others on the Internet. These keys can then be imported into your local key ring.,Ceci cherchera les clés d’autres personnes sur Internet. Ces clés peuvent être importées dans votre trousseau de clés local.,Hier können Sie über das Internet nach fremden Schlüsseln suchen. Diese können anschließend in Ihren Schlüsselbund importiert werden.,سيُعثر هذا على مفاتيح الآخرين عبى الإنترنت. يُمكن بعد ذلك استيراد هذه المفاتيح إلى حلقة مفاتيحك المحليّة.
This will publish the keys in your key ring so they’re available for others to use. You’ll also get any changes others have made since you received their keys.,Ceci publiera les clés de votre trousseau afin qu’elles soient disponibles pour les autres. Vous obtiendrez également toutes les modifications que d’autres ont faites depuis que vous avez reçu leurs clés.,"Hierdurch werden die Schlüssel in Ihrem Schlüsselbund veröffentlicht, damit andere diese nutzen können. Sie erhalten außerdem alle Veränderungen, die andere vorgenommen haben, seitdem Sie deren Schlüssel erhalten haben.",سيُنشر هذا المفاتيح في حلقة مفاتيحك لتتوفّر للآخرين ليستخدموها. ستحصل أيضا على أي تغييرات أجراها الآخرون منذ تلقيّت مفاتيحهم.
"This will retrieve any changes others have made since you received their keys. No key server has been chosen for publishing, so your keys will not be made available to others.","Ceci récupérera toutes les modifications que d’autres ont faites depuis que vous avez reçu leurs clés. Aucun serveur de clés n’a été choisi pour publier, vos clés ne seront donc pas mises à disposition des autres.","Es werden nun alle Änderungen von fremden Schlüsseln abgerufen. Da Sie keinen Schlüssel-Server für Veröffentlichungen eingestellt haben, werden Ihre eigenen Schlüssel nicht für andere verfügbar gemacht.",سيحصل هذا على أي تغييرات قام با الآخرون منذ تلقّيت مفاتيحهم. لم يُحدد أي خادوم مفاتيح للنشر، لذا لن تتوفّر مفاتيحك للآخرون.
Time,,,الوقت
"To use your Secure Shell key with another computer that uses SSH, you must already have a login account on that computer.","Pour utiliser votre clé de shell sécurisé sur un autre ordinateur utilisant SSH, vous devez disposer d’un compte pour vous connecter sur cet ordinateur.","Um Ihren SSH-Schlüssel für einen anderen Rechner über SSH nutzen zu können, müssen Sie bereits über ein Benutzerkonto auf diesem Rechner verfügen.",لتستخدم مفتاح الصدفة الآمنة خاصتك مع حاسوب آخر يستخدم SSH، يجب أن يكون لك بالفعل حساب ولوج على ذاك الحاسوب.
Trust,Confiance,Vertrauen,الثقة
Type,Type,Typ,النّوع
Type:,,,النّوع:
URL,,Adresse,مسار
Ultimate,Ultime,Absolut,نهائية
Ultimately,Ultime,,نهائية
Unable to change trust,Impossible de modifier la confiance,Die Vertrauenseinstellung konnte nicht geändert werden,تعذّر تغيير الثقة
Unavailable,Non disponible,Nicht verfügbar,غير متوفّر
Unknown,Inconnue,Unbekannt,غير معروف
Unknown date,Date inconnue,Unbekanntes Datum,تاريخ مجهول
Unknown key type!,Type de clé inconnu !,Unbekannter Schlüsseltyp!,نوع مفتاح مجهول
Unknown type,Type inconnu,Unbekannter Typ,نوع مجهول
Unlock,Déverrouiller,Entsperren,افتح
Unlocks a PGP key,Déverrouille une clé PGP,Entsperrt einen PGP-Schlüssel,يفتح مفتاح PGP
Unlocks a Secure Shell key,Déverrouille une clé de shell sécurisé,Entsperrt einen SSH-Schlüssel,يفتح مفتاح صدفة آمنة
Unnamed,Sans nom,,بلا اسم
Unnamed private key,Clé privée sans nom,,مفتاح سري بلا اسم
Upper limit day,,,يوم الحد الأقصى
Upper limit hour,,,ساعة الحد الأقصى
Upper limit minute,,,دقيقة الحد الأقصى
Upper limit month,,,شهر الحد الأقصى
Upper limit second,,,ثانية الحد الأقصى
Upper limit year,,,سنة الحد الأقصى
Usage,,,الاستخدام
Use,Utilité,Verwendung,الاستخدام
Used to access other computers,Utilisée pour accéder à d’autres ordinateurs,"Wird verwendet, um auf andere Rechner zuzugreifen",يُستخدم للاتصال بالحواسيب الأخرى
Used to encrypt email and files,,,يُستُخدم لتعمية البريد و الملفات
Used to request a certificate,Utilisé pour faire une demande de certificat,Für eine Zertifikatanfrage verwendet,يستخدم لطلب الشهادات
Used to store application and network passwords,Utilisé pour enregistrer les mots de passe des applications et du réseau,Wird zur Speicherung von Netzwerk- und Anwendungspasswörtern verwendet,تستخدم لحفظ كلمات سر التطبيقات و الشبكة
Version of this application,Version de cette application,Version dieser Anwendung,إصدارة هذا التطبيق
"When creating a key we need to generate a lot of
random data and we need you to help. It’s a good
idea to perform some other action like typing on
the keyboard, moving the mouse, using applications.
This gives the system the random data that it needs.","Lors de la création d’une clé, il est nécessaire de générer
beaucoup de données aléatoires et pour cela nous avons besoin
de votre aide. Il est bon d’effectuer d’autres activités
comme saisir au clavier, déplacer la souris et utiliser des
applications. Cela fournit au système les données aléatoires
dont il a besoin.","Beim Erstellen eines neuen Schlüssels müssen viele
Zufallszahlen erzeugt werden, wofür Ihre Mithilfe
erforderlich ist. Es ist hilfreich, wenn Sie den Rechner
anderweitig benutzen, z.B. auf der Tastatur tippen, die
Maus bewegen oder andere Anwendungen benutzen.
Dies erzeugt die notwendigen Zufallszahlen.","عند إنشاء مفتاح نحتاج لتوليد الكثير من البيانات
العشوائية و نحتاج لمساعدتك. سيفيد إجراؤك لبعض
الأعمال مثل استخدام لوحة المفاتيح أو تحريك الفأرة
أو استخدام بعض التطبيقات. سيُزوّد هذا النظام بالبيانات
العشوائية التي يحتاجها."
Where to search:,Emplacements de recherche :,,مكان البحث:
Whether or not keys should be automatically retrieved from key servers.,Indique si les clés doivent être automatiquement récupérées depuis les serveurs de clés.,"Legt fest, ob Schlüssel automatisch von den Schlüsselservern abgerufen werden sollen.",ما إذا كان من المتعين الحصول آليا على المفاتيح المعدّلة من خادوم المفاتيح المبدئي أم لا.
Whether or not modified keys should be automatically published.,Indique si les clés modifiées doivent être publiées automatiquement.,"Legt fest, ob geänderte Schlüssel automatisch veröffentlicht werden sollen.",ما إذا كان من المتعين نشر المفاتيح المعدّلة آليا أم لا.
Which items to show,Éléments à afficher,Anzuzeigende Einträge,ما العناصر التي ستعرض
Wi-Fi password,Mot de passe Wi-Fi,WLAN-Passwort,كلمة سر واي فاي
Width (in pixels) of the window.,Largeur (en pixels) de la fenêtre.,Breite des Fensters (in Pixeln).,عرض النّافذة (بالبكسل).
Width of the side pane,Largeur du panneau latéral,Breite der Seitenleiste,عرض اللوح الجانبي
Width of the window,Largeur de la fenêtre,Breite des Fensters,عرض النّافذة
Wrong passphrase.,Phrase de passe incorrecte.,Falsche Passphrase.,عبارة السر خاطئة.
Wrong password,Mauvais mot de passe,Falsches Passwort,كلمة السر خطأ
X.509 certificates and related keys,Certificats X.509 et clés connexes,X.509-Zertifikate und zugehörige Schlüssel,شهادات X.509 والمفاتيح المتعلقة بها
Year,,,السنة
Year part of the lower date limit,,,جزء السنة من تاريخ الحد الأدنى
Year part of the upper date limit,,,جزء السنة من تاريخ الحد الأقصى
You Trust the Owner:,,,تثِق في المالك:
You are about to add %s as a revoker for %s. This operation cannot be undone! Are you sure you want to continue?,,,أنت على وشك إضافة %s كناقض لـ %s. لا يمكن التراجع في هذا! أواثق من رغبتك في المتابعة؟
You could use a hard to forge photo identification (such as a passport) to personally check that the name on the key is correct. You should have also used email to check that the email address belongs to the owner.,Vous pouvez utiliser un moyen d’identification photographique difficile à falsifier (tel qu’un passeport) pour vérifier personnellement que le nom apposé sur la clé est correct. Vous devriez aussi avoir employé le courriel pour vérifier qu’il appartient bien au propriétaire de la clé.,"Sie konnten sich durch einen fälschungssicheren Ausweis (z.B. Reisepass) vergewissern, dass der im Schlüssel angegebene Name richtig ist. Sie sollten außerdem überprüft haben, dass die E-Mail-Adresse dem Schlüsseleigentümer gehört.",يمكنك استخدام هوية صورة يصعب تزويرها (مثل جواز السفر) لتتأكد شخصيا من أن الاسم في المفتاح صحيح. يجب أن تكون قد استخدمت البريد أيضا لتتأكد من أن العناوين تخصّ المالك.
You have no personal PGP keys that can be used to indicate your trust of this key.,Vous ne disposez d’aucune clé PGP personnelle permettant d’indiquer votre confiance dans cette clé.,"Sie besitzen keine PGP-Schlüssel, die dazu genutzt werden könnten, Ihr Vertrauen in diesen Schlüssel anzugeben.",لا تملك مفتاح PGP شخصي يُمكن استخدامه ليبيِّن ثقتك في هذا المفتاح.
You have no personal PGP keys that can be used to sign a document or message.,,,لا توجد مفاتيح PGP شخصية يمكن استخدامها لتوقيع الملف أو الرسالة.
"Your email address, or a reminder of what this key is for.",Votre adresse électronique ou tout autre indice permettant de vous rappeler à quoi sert cette clé.,"Ihre E-Mail-Adresse oder ein Erkennungsmerkmal, wofür dieser Schlüssel bestimmt ist.",عنوان بريدك الإلكتروني، وأي مُذكِّر آخر لماهية هذا المفتاح.
Your trust is manually specified on the Details tab.,,,تحدد ثِقتك يدويا في لِسان التفاصيل.
Your trust of this key,Votre confiance dans cette clé,,ثقتك في هذا المفتاح
[Unknown],,,[مجهول]
About Passwords and Keys,À propos de Mots de passe et clés,Info zu Passwörter und Verschlüsselung,عن كلمات السرِّ والمفاتيح
Add Name,,,أضف اسمًا
Advanced key options,Options avancées de clé,,خيارات المفتاح المتقدّمة
Cancel,Annuler,Abbrechen,ألغِ
Casually,Superficiellement,Mäßig,معتاد
Combine all keyrings,,,ادمج كل حلقات المفاتيح
Comment,Commentaire,Kommentar,التعليق
Create and Set Up,,,أنشيء واضبط
Delete,Supprimer,Löschen,احذف
Description:,Description :,,الوصف:
Don’t Resize,Ne pas redimensionner,Größe nicht anpassen,لا تُغير الحجم
Email Address,Adresse électronique,E-Mail-Adresse,عنوان البريد الإلكتروني
Export,Exporter,Exportieren,صدِّر
Export Secret Key:,,,صدِّر المفتاح السري:
Find keys via:,,,ابحث عن المفاتيح بواسطة:
Find remote keys…,Chercher des clés distantes…,Entfernte Schlüssel suchen …,اعثر على مفاتيح بعيدة…
Help,Aide,Hilfe,مساعدة
Just Create Key,,,أنشئ مفتاح فقط
Key Servers,Serveurs de clés,Schlüssel-Server,خواديم المفاتيح
Keyring:,Trousseau :,,حلقة المفاتيح:
Lock,Verrouiller,Sperren,أوصد
Login name:,Identifiant de connexion :,,اسم الولوج:
Never expires,N’expire jamais,Läuft nie ab,لا ينتهي أبدا
Not at all,Pas du tout,Überhaupt nicht,بتاتا
OK,Valider,,حسنا
Only display the signatures of people I trust,,,لا تظهر سوى توقيعات من أثق بهم
Open,Ouvrir,,افتح
Other Names:,,,الأسماء الأخرى:
Others may not see this signature,Les autres ne peuvent pas voir cette signature,Andere sollen diese Signatur nicht sehen können,يمكن للآخرين رؤية هذا التوقيع
Password:,Mot de passe :,,كلمة السر:
People who have signed this key:,,,الأشخاص الذين وقّعوا هذا المفتاح:
Preferences,Préférences,Einstellungen,التفضيلات
Properties,Propriétés,Eigenschaften,الخصائص
Publish keys to:,Publier les clés sur :,Schlüssel veröffentlichen auf:,انشر المفاتيح في:
Reason:,Raison :,,السبب:
Resize,Redimensionner,Größe anpassen,أعِد التحجيم
Revoke Signature,,,انقض التوقيع
Save,Enregistrer,Speichern,احفظ
Search,Chercher,Suche,ابحث
Search for keys containing:,Chercher des clés contenant :,,ابحث عن المفاتيح التي تحتوي:
Server address:,Adresse du serveur :,,عنوان الخادوم:
Set as default,Par défaut,Zur Vorgabe machen,اجعلها المبدئية
Sign,Signer,Signieren,وقِّع
Sign message with key:,,,وقّع الرسالة بالمفتاح:
Sign this Key,,,وقِّع هذا المفتاح
Signer:,Signataire :,,المُوقّع:
Subkeys,,,المفاتيح الفرعية
Sync,Synchroniser,Abgleichen,زامِن
Sync and publish keys…,Synchroniser et publier des clés…,Schlüssel abgleichen und veröffentlichen …,زامن وانشر المفاتيح…
Unlock,Déverrouiller,Entsperren,افتح
Very Carefully,Très sérieusement,Sehr sorgfältig,بحرص شديد
calendar:weekstart:0,,,calendar:weekstart:0
eg: fileserver.example.com:port,ex : serveur.exemple.com:port,,مثلا: fileserver.example.com:port
initial temporary item,élément temporaire initial,,عنصر مؤقت أولي
keyring;encryption;security;sign;ssh;,,,حلقة مفاتيح;تعمية;سرية;أمن;ssh;
openssh://%s,openssh://%s,openssh://%s,openssh://%s
org.gnome.seahorse.Application,,,org.gnome.seahorse.Application