0 Channels,0 canal,0 Kanäle,0 قنوات
0 Hz,0 Hz,0 Hz,0 هرتز
0 seconds,0 seconde,0 Sekunden,0 ثوان
16∶9 (Widescreen),16∶9 (écran large),16:9 (Breitbild),١٦∶٩ (شاشة عريضة)
2.11∶1 (DVB),2.11∶1 (DVB),2.11:1 (DVB),‏٢٫١١∶١ (DVB)
4-channel,4 canaux,4-Kanal,قناة-4
4.1-channel,4.1 canaux,4.1-Kanal,قناة-4.1
4∶3 (TV),4∶3 (TV),4:3 (klassisches TV-Format),٤∶٣ (تلفاز)
5.0-channel,5.0 canaux,5.0-Kanal,قناة-5.0
5.1-channel,5.1 canaux,5.1-Kanal,قناة-5.1
A list of the names of the plugins which are currently active (loaded and running).,Une liste des noms des greffons actuellement actifs (chargés et en cours d’exécution).,"Eine Liste der Namen von Erweiterungen, die derzeit aktiv sind (geladen und in Ausführung).",قائمة بأسماء الإضافات النشطة حاليًّا (محمّلة وتعمل).
"A password to protect the rpdb2 server for debugging Totem from unauthorized remote access. If this is empty, a default of “totem” will be used.","Un mot de passe pour protéger d’un accès distant non autorisé, le serveur rpdb2 de débogage de Totem. Si vide, le mot de passe « totem » est utilisé par défaut.","Ein Passwort für den rpdb2-Server zur Fehlerdiagnose von Totem zum Schutz vor unerlaubtem entferntem Zugriff. Falls es leer ist, wird das Standardpasswort »totem« verwendet.",كلمة مرور لحماية خادم rpdb2 المستخدم لتعقب علل جنوم من الوصول غير المخوّل عن بعد. إذا كانت هذه الخانة فارغة، فستستخدم كلمة 'totem' مبدئيًّا.
AC3 Passthrough,Sortie directe AC3,AC3-Durchschleifen,AC3 Passthrough
Audio Menu,Menu audio,Audio-Menü,قائمة الصوت
Active plugins list,Liste des greffons actifs,Liste aktiver Erweiterungen,قائمة الملحقات النشِطة
Add Videos,Ajouter des vidéos,Videos hinzufügen,أضف فيديو
Add Web Video,Ajouter une vidéo web,Ein Internet-Video hinzufügen,أضف فيديو وب
Add Local Video…,Ajouter une vidéo locale…,Lokales Video hinzufügen …,أضف فيديو محلي…
Add Web Video…,Ajouter une vidéo web…,Internet-Video hinzufügen …,أضف فيديو وب…
Add to Favourites,Ajouter aux favoris,Zu Favoriten hinzufügen,أضف إلى المفضلة
Adds files that have been played to recent files,Ajoute les fichiers qui ont été lus aux fichiers récents,Fügt abgespielte Dateien zu den kürzlich geöffneten Dateien hinzu,يُضيف الملفات التي شُغّلت إلى الملفات الحديثة
Adds movie properties menu item,Ajoute un élément de menu pour les propriétés du film,Menüeintrag für Filmeigenschaften hinzufügen,يضيف خصائص الوسائط إلى الشريط الجانبي
"After you press OK, Totem will wait until you connect to it with winpdb or rpdb2. If you have not set a debugger password in DConf, it will use the default password (“totem”).",,,بعد أن تضغط موافق سينتظر توتم حتى تتصل ب winpdb أو rpdb2. إذا كنت لم تحدد كلمة سر للتنقيح في DConf فسيستخدم كلمة السر المبدئية ('totem').
Album:,,,الألبوم:
All files,Tous les fichiers,Alle Dateien,كل الملفات
Allows screenshots and galleries to be taken of videos,Permet la prise de captures d’écran et de galerie photos à partir de vidéos,Ermöglicht die Aufnahme von Bildschirmfotos und Galerien von Videos,يتيح أخذ لقطات شاشة ومفارض من ملفات الفديو
Allows videos to be rotated if they are in the wrong orientation,Permet la rotation des vidéos mal orientées,"Ermöglicht das Drehen von Videos, falls diese falsch ausgerichtet sind",يسمح بتدوير الفيديو إذا كان ذو استدارة خاطئة
Amount of data to buffer for network streams before starting to display the stream (in seconds).,Quantité de données du flux réseau à mettre en tampon avant d’en débuter l’affichage (en secondes).,"Größe des anzulegenden Zwischenspeichers für Netzwerk-Streams, bevor der Stream wiedergegeben wird (in Sekunden)",كمية البيانات التي سيتم تخزينها من دفوق الشبكة قبل عرضها (بالثواني).
An audio or video stream is not handled due to missing codecs. You might need to install additional plugins to be able to play some types of movies,Un flux audio ou vidéo n’est pas géré pour cause d’absence de codecs. Il se peut que vous deviez installer des greffons supplémentaires pour être capable de visualiser certains types de films,"Ein Audio- oder Video-Datenstrom kann wegen fehlender Codecs nicht verarbeitet werden. Sie müssen zusätzliche Erweiterungen installieren, um bestimmte Filmtypen abspielen zu können",تعّذر التعامل مع دفق صوت أو فديو لعدم توفر المُرمّز. قد تحتاج إلى تثبيت ملحقات إضافية لتشغيل بعض أنواع الأفلام
An error occurred,Une erreur est survenue,Es ist ein Fehler aufgetreten,حدث خطأ
Apple Trailers,Apple Trailers,Apple-Trailer,Apple Trailers
Arabic,Arabe,Arabisch,عربي
Armenian,Arménien,Armenisch,أرمني
Artist:,,,الفنان:
Audio,Audio,Audio,صوت
Audio Output,Sortie audio,Audio-Ausgabe,خرج الصوت
Audio Track,Piste audio,Tonspur,مقطوعة صوت
Authentication is required to access this file or stream.,Il est nécessaire de s’authentifier pour accéder à ce fichier ou ce flux.,"Sie müssen sich legitimieren, um auf die Datei oder den Datenstrom zugreifen zu können.",الاستيثاق مطلوب للنفاذ لهذا الملف.
Auto,Auto,Automatisch,تلقائي
Autoload Subtitles,Chargement automatique des sous-titres,Untertitel automatisch herunterladen,حمّل الترجمات تلقائيا
Autoloads text subtitles,Charge automatiquement les sous-titres,Lädt Untertitel automatisch herunter,يحمّل الترجمات تلقائيا
Back,Retour,Zurück,إلى الخلف
Baltic,Balte,Baltisch,بلطيقي
Bitrate:,,,معدّل البِتّات:
Brazilian Portuguese,Portugais du Brésil,Brasilianisches Portugiesisch,البرتغالية البرازيلية
Browse Error,Erreur lors du parcours,Fehler beim Durchsuchen,خطأ في التصفح
Calculate the number of screenshots,Calcule le nombre de captures d’écran,Anzahl der Bildschirmfotos berechnen,احسب عدد لقطات الشاشة
Cancel,Annuler,Abbrechen,ألغِ
Can’t enqueue and replace at the same time,Impossible de mettre en attente et remplacer en même temps,In die Warteschlange stellen und Ersetzen ist nicht gleichzeitig möglich,لا يمكن الصفّ والاستبدال في نفس الوقت
Celtic,Celte,Keltisch,كلتي
Central European,Europe centrale,Mitteleuropäisch,وسط أوروبي
Channels,Canaux,Kanäle,القنوات
Channels:,,,القنوات:
Chinese Simplified,Chinois simplifié,Chinesisch (vereinfacht),صيني مبسّط
Chinese Traditional,Chinois traditionnel,Chinesisch (traditionell),صيني تقليدي
Click on items to select them,Cliquer sur les éléments pour les sélectionner,"Klicken Sie auf Objekte, um diese auszuwählen",انقر على العناصر لاختيارها
Contrast:,,,التباين:
Codec:,,,المرمز:
Color Balance,Balance des couleurs,Farbabgleich,توازن الألوان
Comment:,,,تعليق:
Configure Plugins,,,اضبط الملحقات
Container:,,,الحاوية:
Copy (S)VCD…,,,انسخ ‪(S)VCD‬…
Copy Video DVD…,,,انسخ دي‌ڤي‌دي الفيديو…
Could not contact the OpenSubtitles website,Impossible de contacter le site web OpenSubtitles,Es konnte keine Verbindung zur OpenSubtitles-Website aufgebaut werden,تعذّر الاتصال بموقع OpenSubtitles
Could not contact the OpenSubtitles website.,Impossible de contacter le site web OpenSubtitles.,Es konnte keine Verbindung zur OpenSubtitles-Website aufgebaut werden.,تعذّر الاتصال بموقع OpenSubtitles.
Could not initialize the thread-safe libraries.,,,تعذّر بدء تشغيل المكتبات النظامية السليمة.
Couldn’t initialize lirc.,,,تعذّر بدء lirc.
Couldn’t load the “%s” interface. %s,,,تعذّر تحميل واجهة ”%s“. %s
Couldn’t read lirc configuration.,,,تعذّر قراءة إعدادات lirc.
Create Screenshot Gallery…,Créer une galerie de captures d’écran…,Bildschirmfoto-Galerie erstellen …,أنشئ معرض لقطات شاشة…
Creating Gallery…,Création de la galerie…,Galerie wird erstellt …,يُنشئ معرضا…
Croatian,Croate,Kroatisch,كرواتي
Current Locale,Locale actuelle,Derzeitige Standorteinstellungen,المحلية الحالية
Cyrillic,Cyrillique,Kyrillisch,سريلي
Cyrillic/Russian,Cyrillique/Russe,Kyrillisch / Russisch,سريلي/روسي
Cyrillic/Ukrainian,Cyrillique/Ukrainien,Kyrillisch / Ukrainisch,سريلي/أكراني
DVD menu navigation,Navigation dans le menu d’un DVD,Navigation im DVD-Menü,تصفح قائمة دي‌ڤي‌دي
Deactivates the screen saver when a movie is playing,Désactive l’économiseur d’écran lorsqu’un film est en cours de lecture,Deaktiviert den Bildschirmschoner bei Filmwiedergabe,يعطّل حافظة الشاشة أثناء العرض
Decrease volume,Baisser le son,Lautstärke senken,أخفض الصوت
Default location for the “Open…” dialogs,Emplacement par défaut de la boîte de dialogue « Ouvrir… »,Voreingestellter Ort des »Öffnen …«-Dialogs,الموقع المبدئي لحوارات ”افتح…“
Default location for the “Open…” dialogs. Default is the current directory.,"Emplacement par défaut de la boîte de dialogue « Ouvrir… ». Par défaut, le répertoire actuel.","Voreingestellter Ort des »Öffnen …«-Dialogs, Vorgabe ist der momentane Ordner.",الموقع المبدئي لحوارات ”افتح…“، مبدئيًا هو المجلد الحالي.
Default location for the “Take Screenshot” dialogs,Emplacement par défaut de la boîte de dialogue « Faire une capture d’écran »,Voreingestellter Ort des »Bildschirmfoto aufnehmen …«-Dialogs,الموقع المبدئي لحوارات ”خذ لقطة للشاشة“
Default location for the “Take Screenshot” dialogs. Default is the Pictures directory.,,,الموقع المبدئي لحوارات ”خذ لقطة للشاشة“، مبدئيًا هو المجلد الحالي.
Delete,Supprimer,Löschen,احذف
Dimensions:,,,الأبعاد:
Disable deinterlacing of interlaced videos,Désactiver le désentrelacement des vidéos entrelacées,Deinterlacing deaktivieren,عطّل تنقيح الفيديو المتشابك
Display,Affichage,Anzeige,عرض
Download Movie Subtitles,Télécharger les sous-titres du film,Film-Untertitel herunterladen,نزّل ترجمات الفِلم
Downloading the subtitles…,Téléchargement des sous-titres en cours…,Untertitel werden heruntergeladen …,يُنزِّل الترجمات…
Duration,Durée,Dauer,المدّة
Duration:,,,المدّة:
Encoding character set for subtitle.,Codage des caractères pour les sous-titres.,Zeichenkodierung für Untertitel.,ترميز الترجمات.
Enqueue,Mettre en attente,In die Warteschleife,ذيّل
Enter the address of the file you would like to open:,Saisissez l’emplacement du fichier que vous voulez ouvrir :,Bitte geben Sie die Adresse der zu öffnenden Datei ein:,أدخل عنوان الملف الذي تريد فتحه:
Exit fullscreen,Sortir du mode plein écran,Vollbild ausschalten,غادر ملء الشاشة
External Subtitles,Sous-titres externes,Externe Untertitel,ترجمات خارجية
Filename,Nom du fichier,Dateiname,اسم الملف
Format,Format,Format,النسق
Framerate:,,,معدّل الإطارات:
Gallery-%s-%d.jpg,Galerie-%s-%d.jpg,Galerie-%s-%d.jpg,معرض-%s-%d.jpg
General,Général,Allgemein,عام
Georgian,Géorgien,Georgisch,جورجي
Go back 15 seconds,Reculer de 15 secondes,15 Sekunden zurück gehen,عد للخلف ١٥ ثانية
Go back 3 minutes,Reculer de 3 minutes,3 Minuten zurück gehen,عد للخلف ٣ دقائق
Go back 5 seconds,Reculer de 5 secondes,5 Sekunden zurück gehen,عد للخلف ٥ ثوان
Go forward 10 minutes,Avancer de 10 minutes,10 Minuten vorwärts gehen,تحرك للأمام ١٠ دقائق
Go forward 15 seconds,Avancer de 15 secondes,15 Sekunden vorwärts gehen,تحرك للأمام ١٥ ثانية
Go forward 60 seconds,Avancer de 60 secondes,60 Sekunden vorwärts gehen,تحرك للأمام ٦٠ ثانية
Greek,Grec,Griechisch,يونانيّ
Gujarati,Gujarati,Gujarati,كوجراتي
Gurmukhi,Gurmukhi,Gurmukhi,غورموخي
Hebrew,Hébreu,Hebräisch,عبري
Hebrew Visual,Hébreu visuel,Hebräisch (visuell),عبري مرئي
Hindi,Hindi,Hindi,هندي
Icelandic,Islandais,Isländisch,آيسلاندي
Increase volume,Monter le son,Lautstärke erhöhen,ارفع الصوت
Infrared Remote Control,,,جهاز تحكم بالأشعة تحت الحمراء
Instant Messenger Status,État de la messagerie instantanée,Sofortnachrichten-Status,حالة المرسال الفوري
Interactive Python console,Console interactive Python,Interaktive Python-Konsole,معراض بيثون التفاعلي
Japanese,Japonais,Japanisch,ياباني
Korean,Coréen,Koreanisch,كوري
Local,Locale,Lokal,محلي
Look for subtitles for the currently playing movie,Recherche des sous-titres pour le film en cours de lecture,Nach Untertiteln für den gegenwärtig abgespielten Film suchen,يبحث عن ترجمات للفِلم الذي يتم تشغيله حاليًا
Make Available Offline,Rendre disponible hors ligne,Im Offline-Modus zur Verfügung stellen,اجعله متاحا دون اتصال
Make sure that Totem is properly installed.,,,رجاء تأكد من أن توتم مثبّت بصورة صحيحة.
Media Player Keys,,,أزرار مشغل الوسائط
Media contains no supported video streams.,Le média ne contient pas de flux vidéo pris en charge.,Das Medium enthält nicht unterstützte Video-Formate.,لا تحوي الوسائط أي تدفقات فيديو مدعومة.
Mono,Mono,Mono,أحادي
Movie,Film,Film,فِلم
Movie Properties,Propriétés du film,Film-Eigenschaften,خصائص الوسائط
Movies to play,Films à lire,Filme zum Abspielen,الأفلام التي ستشغّل
Mute sound,Couper le son,Stummschalten,أصمت الصوت
N/A,N/D,k.A.,غير متاح
Navigate down,Naviguer vers le bas,Nach unten,تصفح لأسفل
Navigate left,Naviguer vers la gauche,Nach links,تصفح لليسار
Navigate right,Naviguer vers la droite,Nach rechts,تصفح لليمين
Navigate up,Naviguer vers le haut,Nach oben,تصفح لأعلى
Network buffering threshold,Seuil de tampon réseau,Grenzwert des Netzwerkzwischenspeichers,حدّ تخزين الشبكة
Next,Suivant,Nächster,التالي
Next Chapter/Movie,Chapitre/Film suivant,Nächstes Kapitel/Film,الفصل/الفِلم التالي
Next video or chapter,Vidéo ou chapitre suivant,Nächstes Video oder Kapitel,الفصل أو الفِلم التّالي
No reason.,Aucune raison.,Ursache unbekannt.,بدون سبب.
No results found.,Aucun résultat trouvé.,Keine Suchergebnisse.,لا توجد نتائج.
None,Aucun,Keine,لا شيء
Nordic,Nordique,Nordisch,شمالي
Normal,Normale,Normal,عادي
Number of screenshots:,Nombre de captures d’écran :,Anzahl der Bildschirmfotos:,عدد لقطات الشاشة:
Pango font description for subtitle rendering.,Description de la police Pango pour le rendu des sous-titres.,Pango-Schriftbeschreibung für die Untertiteldarstellung.,وصف بانجو لخط الترجمة.
Password requested for RTSP server,Mot de passe demandé pour le serveur RTSP,Für den RTSP-Server wird ein Passwort angefordert,كلمة السر المطلوبة لخادوم RTSP
Pause,Pause,Pause,ألبِث
Persian,Perse,Persisch,فارسي
Play,Lecture,Wiedergabe,شغّل
Play / Pause,Lecture / Pause,Wiedergabe / Pause,شغّل / ألبِث
Play movies,Lire des films,Videos wiedergeben,شغّل الأفلام
Play/Pause,Lecture/Pause,Wiedergabe/Pause,شغّل/ألبِث
Playback,Lecture,Wiedergabe,التشغيل
Playing a movie,Lecture d’un film,Ein Video wird wiedergegeben,تشغيل فِلم
Plugins,Greffons,Erweiterungen,الملحقات
Plugins…,,,الملحقات…
Preferences,Préférences,Einstellungen,التفضيلات
Preferences,Préférences,Einstellungen,التفضيلات
Previous,Précédent,Vorheriger,السّابق
Previous Chapter/Movie,Chapitre/Film précédent,Vorheriges Kapitel/Film,الفصل/الفِلم السابق
Previous video or chapter,Vidéo ou chapitre précédent,Vorheriges Video oder Kapitel,الفصل أو الفِلم السّابق
Properties,Propriétés,Eigenschaften,الخصائص
Provides the “Skip to” dialog,,,يوفّر مربع ”تخطَّ إلى“ الحواري
Python Console,Console Python,Python-Konsole,معراض بيثون
Python Debugger,Débogueur Python,Python-Debugger,منقّح بيثون
Quit,Quitter,Beenden,أنهِ
Rating,Appréciation,Bewertung,التقييم
Recent files,Fichiers récents,Zuletzt verwendete Dateien,الملفات الحديثة
Records (S)VCDs or video DVDs,,,يسجل ‪(S)VCD‬ أو دي‌ڤي‌دي فيديو
Repeat mode,Lecture en boucle,Endlosschleife,نمط الإعادة
Replace,Remplacer,Ersetzen,استبدِل
Reset to Defaults,Rétablir les valeurs par défaut,Auf Vorgaben zurücksetzen,أعِد الضبط للمبدئيات
Resolution,Définition,Auflösung,الميز
Results for “%s”,Résultats pour « %s »,Ergebnisse zu »%s«,نتائج ”%s“
Romanian,Roumain,Rumänisch,روماني
Rotate ↶,Tourner ↶,Drehen ↶,أدر ↶
Rotate ↷,Tourner ↷,Drehen ↷,أدر ↷
Rotation Plugin,Greffon de rotation,Drehungs-Erweiterung,ملحق التدوير
Subtitles,,,الترجمات
Sample rate:,,,نسبة التردد:
Saturation:,,,التشبّع:
Save Copy,Enregistrer la copie,Eine Kopie speichern,احفظ نسخة
Save Gallery,Enregistrement de la galerie,Galerie speichern,احفظ المعرض
Save a copy of the currently playing movie,Enregistrement d’une copie de la vidéo en cours de lecture,Eine Kopie des gegenwärtig abgespielten Films speichern,احفظ نسخة من الفلم المُشغّل حاليًا
Saving gallery as “%s”,Enregistrement de la galerie sous « %s »,Galerie als »%s« speichern,يحفظ المعرض باسم ”%s“
Screen Saver,Économiseur d’écran,Bildschirmschoner,حافظة الشاشة
Screenshot,Capture,Bildschirmfoto,لقطة شاشة
Screenshot from %s - %d.png,Capture de %s - %d.png,Bildschirmfoto von %s - %d.png,لقطة شاشة من %s - %d.png
Screenshot from %s.png,Capture de %s.png,Bildschirmfoto von %s.png,لقطة شاشة من %s.png
Screenshot width (in pixels):,Largeur de la capture d’écran (en pixels) :,Breite des Bildschirmfotos (in Pixel):,عرض لقطة الشاشة (بالبكسل):
Search,Rechercher,Suche,ابحث
Search Error,Erreur lors de la recherche,Fehler beim Suchen,خطأ في البحث
Searching for subtitles…,Recherche de sous-titres en cours…,Untertitel werden gesucht …,يبحث عن الترجمات…
Searching subtitles…,Recherche des sous-titres en cours…,Untertitel werden gesucht …,يبحث عن الترجمات…
Season %d Episode %d,Saison %d épisode %d,Staffel %d Folge %d,جزء %d حلقة %d
Seek,Rechercher,Suchen,اسعَ
Seek Backwards,Retour rapide,Zurückspulen,اسعَ إلى الخلف
Seek Forwards,Avance rapide,Vorspulen,اسعَ إلى الأمام
Select,Sélectionner,Auswählen,اختر
Select All,Tout sélectionner,Alle auswählen,اختر الكل
Select None,Ne rien sélectionner,Nichts auswählen,اختر لا شيء
Select Subtitle Font,,,اختر خط الترجمة
Select Text Subtitles,Sélection des sous-titres,Untertitel auswählen,اختر ملف ترجمة
Send notifications of currently-playing videos and allow remote control using MPRIS.,Envoyer des notifications pour les films en cours de visionnement et permettre le contrôle à distance avec MPRIS.,Benachrichtigungen über derzeit abgespielte Videos senden und entferntes Steuern mit MPRIS ermöglichen.,ملحق لإرسال إخطارات الأفلام المُشغلة حاليًا إلى نظام D-Bus الفرعي.
Set your Instant Messenger status to away when a movie is playing,Paramètre l’état de la messagerie instantanée à « non disponible » quand un film est en cours de lecture,"Setzt den Sofortnachrichten-Status auf »Abwesend«, wenn ein Video abgespielt wird",عيّن حالة المرسال الفوري إلى بعيد عند تشغيل فِلم
Sets the user agent for the Apple Trailers site,Définit l’agent utilisateur pour le site Apple Trailers,Richtet den Benutzeragenten für die Apple-Trailers-Webseite ein,يحدد عميل المستخدم لموقع Apple Trailers
Sets the user agent for the Vimeo site,Définit l’agent utilisateur pour le site Vimeo,Richtet den Benutzeragenten für die Vimeo-Seite ein,يحدد عميل المستخدم لموقع Apple Trailers
Shuffle,Aléatoire,Zufallsmodus,اخلط
Skip,Sauter,Springen,تخطّ
Skip To,,,تخطّ إلى
Skip to…,,,تخطَّ إلى…
Some necessary plug-ins are missing. Make sure that the program is correctly installed.,Des greffons indispensables manquent. Assurez-vous que le programme est correctement installé.,"Einige benötigte Erweiterungen fehlen. Stellen Sie sicher, dass das Programm korrekt installiert ist.",بعض الملحقات الضرورية غير متوفرة. الرجاء التأكد من أن البرنامج مثبّت بسلامة.
South European,Europe du sud,Südeuropäisch,جنوب أوروبي
Speed,Vitesse,Abspielgeschwindigkeit,السرعة
Speed: %s,Vitesse : %s,Geschwindigkeit: %s,السرعة: %s
Square,Carré,Quadratisch,مربع
Step back one frame,Reculer d’une image,Schritt zurück zum vorherigen Einzelbild,تخط إطارا واحدا للخلف
Step forward one frame,Avancer d’une image,Schritt vor zum nächsten Einzelbild,تخط إطارا واحدا للأمام
Stereo,Stéréo,Stereo,ستريو
Subtitle,Sous-titre,Untertitel,ترجمات
Subtitle Downloader,Téléchargement de sous-titres,Untertitel-Downloader,مُنزّل الترجمات
Subtitle language:,Langue des sous-titres :,Untertitel-Sprache:,لغة الترجمة:
Subtitle encoding,Codage des sous-titres,Untertitelkodierung,ترميز الترجمة
Subtitle files,Fichiers de sous-titres,Untertitel-Dateien,ملفات الترجمة
Subtitle font,Police des sous-titres,Untertitelschrift,خط الترجمة
Subtitle language,Langue des sous-titres,Untertitel-Sprache,لغة الترجمة
Subtitles,Sous-titres,Untertitel,الترجمات
Support additional media player keys,,,دعم أزرار مشغّلات الوسائط الإضافية
Support infrared remote control,,,دعم جهاز التحكم بالأشعة تحت الحمراء
Surround,Surround,Surround,محيطي
Switch Angles,Changer d’angle,Blickwinkel wechseln,بدّل الزوايا
Take Screenshot,Faire une capture d’écran,Bildschirmfoto aufnehmen,خذ لقطة للشاشة
Take Screenshot,Faire une capture d’écran,Bildschirmfoto aufnehmen,خذ لقطة للشاشة
Thai,Thaï,Thai,تايلندي
The MediaPlayer2 object does not implement the ‘%s’ interface,,,لا ينطبق كائن MediaPlayer2 على واجهة '%s'
The brightness of the video,La luminosité de la vidéo,Die Helligkeit des Videos,درجة سطوع الفيديو
The connection to this server was refused.,La connexion à ce serveur a été refusée.,Die Verbindung zu diesem Server wurde abgewiesen.,رُفِض الاتصال بهذا الخادوم.
The contrast of the video,Le contraste de la vidéo,Der Kontrast des Videos,تباين ألوان الفيديو
The file does not exist.,,,الملف غير موجود.
The file you tried to play is an empty file.,Le fichier que vous essayez de lire est un fichier vide.,"Die Datei, die Sie wiedergeben wollten, ist leer.",الملف الذي حاولت تشغيله خال.
The hue of the video,La teinte de la vidéo,Der Farbton des Videos,تدرّج ألوان الفيديو
The language to search for subtitles for movies in.,La langue à rechercher pour le sous-titrage des films.,"Die Sprache, in der nach Filmuntertiteln gesucht werden soll.",اللغة المستخدمة للبحث عن ترجمات للأفلام.
The movie could not be read.,Le film n’a pas pu être lu.,Der Film konnte nicht gelesen werden.,تعذّر قراءة الفيلم.
The movie could not be recorded.,,,تعذّر تسجيل الفِلم.
The playlist “%s” could not be parsed. It might be damaged.,Impossible de lire la liste de lecture « %s ». Peut-être est-elle endommagée.,"Die Wiedergabeliste »%s« konnte nicht verarbeitet werden, möglicherweise ist sie fehlerhaft.",تعذّر تحليل قائمة التشغيل '%s'، قد تكون تالفة.
The property ‘%s’ is not writeable.,,,الخاصية '%s' غير قابلة للكتابة.
The saturation of the video,La saturation de la vidéo,Die Sättigung des Videos,تشبّع ألوان الفيديو
The server refused access to this file or stream.,Le serveur a refusé l’accès à ce fichier ou ce flux.,Der Server hat den Zugriff auf die Datei oder den Datenstrom verweigert.,رفض الخادوم الوصول لهذا الملف.
The server you are trying to connect to is not known.,Le serveur auquel vous tentez de vous connecter est inconnu.,"Der Server, zu dem eine Verbindung aufgebaut werden soll, ist unbekannt.",الخادوم الذي تحاول الاتصال به مجهول.
The specified movie could not be found.,Le film spécifié n’a pas pu être trouvé.,Der angegebene Film konnte nicht gefunden werden.,تعذّر إيجاد الفيلم المحدد.
The video could not be made available offline.,La vidéo n’a pas pu être rendue disponible hors ligne.,Das Video konnte nicht offline zur Verfügung gestellt werden.,تعذّرت نسخ قرص الفيديو.
The video disc could not be duplicated.,,,تعذّرت نسخ قرص الفيديو.
This file cannot be played over the network. Try downloading it locally first.,Impossible de lire ce fichier via le réseau. Essayez de le télécharger sur disque au préalable.,Diese Datei kann nicht über das Netzwerk abgespielt werden. Versuchen Sie die Datei vorher herunterzuladen.,تعذّر تشغيل هذا الملف عبر الشبكة. حاول أن تنزّل الملف محليا أولًا.
This file is encrypted and cannot be played back.,Ce fichier est chiffré. Il ne peut donc pas être lu.,Die Datei ist verschlüsselt und kann nicht wiedergegeben werden.,هذا الملف معمّى ولا يمكن تشغيله.
This is not supposed to happen; please file a bug report.,"Ce problème n’est pas censé se produire, veuillez remplir un rapport d’anomalie.","Dies sollte eigentlich nicht passieren, bitte schicken Sie einen Fehlerbericht ein.",لا يفترض أن يحدث هذا. رجاءً أبلِغ عن هذه العلة.
This location is not a valid one.,L’emplacement n’est pas valide.,Dieser Ort ist ungültig.,هذا ليس مكانا صحيحا.
Title %d,Titre %d,Titel %d,عنوان %Id
Title:,,,العنوان:
Toggle Fullscreen,Basculer en mode plein écran,Vollbild ein- oder ausschalten,بدّل ملء الشاشة
Toggle fullscreen,Basculer en mode plein écran,Vollbild ein- oder ausschalten,بدّل ملء الشاشة
Totem Python Console,,,معراض بيثون لتوتم
Totem could not display the help contents.,,,عجز توتم عن عرض محتويات المساعدة.
Totem could not get a screenshot of the video.,,,عجز توتم عن أخذ لقطة شاشة لهذا الفيديو.
Totem could not play “%s”.,,,عجز توتم عن تشغيل ”%s“.
Totem could not startup.,,,عجز توتم عن بدء التشغيل.
Turkish,Turque,Türkisch,تركي
Type of audio output to use,Type de sortie audio à utiliser,Zu verwendender Audio-Ausgabetyp,نوع خرْج الصوت المُستخدَم
Unable to play the file,Impossible de lire le fichier,Die Datei kann nicht wiedergegeben werden,تعذّر تشغيل الملف
Unable to write a project.,,,تعذّرت كتابة مشروع.
Unicode,Unicode,Unicode,يونيكود
Unknown,,,مجهول
Unknown property ‘%s’ requested of a MediaPlayer 2 object,,,'%s' خاصية غير معروفة مطلوبة من كائن MediaPlayer2
Variable Rate,Débit variable,Variable Abspielgeschwindigkeit,معدل متغير
Verify your system installation. Totem will now exit.,,,تحقق من تثبيت نظامك. سيخرج توتم الآن.
Video,Vidéo,Video,فيديو
Video Disc Recorder,,,مسجّل أقراص الفيديو
Video files,Fichiers vidéo,Videodateien,ملفات الفيديو
Video;Movie;Film;Clip;Series;Player;DVD;TV;Disc;,,,فلم;فيلم;أفلام;فديوم;كليب;اسطوانة;
Videos,Vidéos,Videos,فيديو
Vietnamese,Vietnamien,Vietnamesisch,فيتنامي
View,Affichage,Ansicht,عرض
Volume,Volume,Lautstärke,شدة الصوت
Volume Down,Baisser le son,Leiser,أخفِض الصوت
Volume Up,Monter le son,Lauter,ارفع الصوت
Western,Occidental,Westlich,غربي
Whether to autoload text subtitle files when a movie is loaded,Indique s’il faut charger automatiquement les fichiers de sous-titrage avec le film,"Legt fest, ob Untertitel beim Laden eines Filmes automatisch geladen werden sollen",ما إن كان يجب تحميل ملف الترجمة النصيّ آليًا عند تحميل فِلم
Whether to disable deinterlacing for interlaced movies,Indique s’il faut désactiver le désentrelacement pour les vidéos entrelacées,"Legt fest, ob das Deinterlacing für aus Halbbildern bestehende Videos deaktiviert werden soll",ما إن كنت تريد تعطيل فك التداخل للأفلام المتداخلة
Whether to disable the keyboard shortcuts,Indique s’il faut désactiver les raccourcis clavier,"Legt fest, ob die Tastenkombinationen deaktiviert sein sollen",ما إن كنت تريد تعطيل اختصارات لوحة المفاتيح
Whether to disable the plugins in the user’s home directory,Indique s’il faut désactiver les greffons dans le répertoire personnel de l’utilisateur,"Legt fest, ob die Erweiterungen im persönlichen Ordner des Benutzers deaktiviert werden sollen",ما إن كنت تريد تعطيل الملحقات الموجودة في دليل منزل المستخدم
Year:,,,السنة:
You are not allowed to open this file.,L’ouverture de ce fichier n’est pas permise.,"Es ist Ihnen nicht gestattet, diese Datei zu öffnen.",ليس مسموحا لك بفتح هذا الملف.
You can access the Totem.Object through “totemobject” :\n%s,Vous pouvez accéder à Totem.Object via « totemobject » :\n%s,Sie können auf das Totem.Object über »totemobject« zugreifen:\n%s,يمكنك الوصول إلى Totem.Object عبر 'totemobject' ‏:\n%s
Zoom In,,,كبّر
Zoom in,,,كبّر
Zoom out,,,صغّر
Add,Ajouter,Hinzufügen,أضف
Angle Menu,Menu angle,Kameramenü,قائمة الزوايا
Aspect Ratio,Rapport d’affichage,Ansichtsverhältnis,نسبة العرض
Audio output type:,,,نوع خرج الصوت:
Brightness:,,,السطوع:
Cancel,Annuler,Abbrechen,ألغِ
Chapter Menu,Menu chapitre,Kapitelmenü,قائمة الفصول
Close,Fermer,Schließen,أغلق
Create Video Disc…,,,أنشئ قرص فيديو…
DVD Menu,Menu DVD,DVD-Menü,قائمة دي‌ڤي‌دي
Download Movie Subtitles…,Télécharger les sous-titres du film…,Film-Untertitel herunterladen …,نزّل ترجمات الفِلم…
Eject,Éjecter,Auswerfen,أخرِج
Encoding:,,,الترميز:
Find in %s,Le chercher dans %s,In %s suchen,ابحث في %s
Font:,,,الخط:
Help,Aide,Hilfe,مساعدة
Hue:,,,الفارق بين الألوان:
Keyboard Shortcuts,Raccourcis clavier,Tastenkürzel,اختصارات لوحة المفاتيح
Languages,,,اللغات
Load subtitle files when movie is loaded,Charger les fichiers de sous-titrage au chargement du film,"Untertitel laden, sobald ein Video geladen wird",حمّل ملفات الترجمة عند تحميل الفِلم
Open,Ouvrir,Öffnen,افتح
Play with Subtitle,Lire avec les sous-titres,Untertitel anzeigen,شغّل مع الترجمة
Properties,Propriétés,Eigenschaften,خصائص
Python Console,Console Python,Python-Konsole,معراض بيثون
Repeat,En boucle,Endlosschleife,أعِد
Rotate ↷,Tourner ↷,Drehen ↷,أدر ↷
Save,Enregistrer,Speichern,احفظ
Select Text Subtitles…,Sélection des sous-titres…,Text-Untertitel auswählen …,اختر ملف ترجمة…
Skip To,,,تخطّ إلى
Skip To…,,,تخطّ إلى…
Skip to:,,,تخطَّ إلى:
Title Menu,Menu titre,Titelmenü,قائمة العنوان
org.gnome.Totem,,,org.gnome.Totem
rpdb2 password,Mot de passe rpdb2,rpdb2-Passwort,كلمة مرور rpdb2
× 0.75,"× 0,75",0.75-fach,× ٠٫٧٥
× 1.1,"× 1,1",1.1-fach,× ١٫١
× 1.25,"× 1,25",1.25-fach,× ١٫٢٥
× 1.5,"× 1,5",1.5-fach,× ١٫٥
× 1.75,"× 1,75",1.75-fach,× ١٫٧٥
