‘Syn’-Tax,نحوي متزامن
‘Syn’-Thesis,تخليق متزامن
A 2 - Position,موقع - ض 2
A 2 -Chain,سلسلة - ض 2
A 2 -Movement,حركة - ض 2
Abandonment neurosis,عصاب الهجر
Aberrant Decoding,فك تشفير مستبعد
Ablative,حالة مجاوزة
Abreaction,تصريف
Absent Signifiers,دالات غائبة
Absolute Nothingness,عدم مطلق
Abstinence (rule of -),امتناع (قاعدة الـ )
Abstract,مجرد
Abstraction,تجريد
Abuse,تعسف
Abusive Fidelity,أمانة مستفزة
Abyss,(هوة) ما قبل التكوين
Acceptability,مقبولية
Accessible,متاح
Accusative,حالة نصب
A-Chain,سلسلة - ض
Acrolect,لهجة وسطى
Acronym,مقتطع هجائي، لفظة أوائلية
Act of Interpreting,فعل التفسير
Act of Translating,فعل الترجمة
Acting out,تفعيل
Active technique,تقنية نشطة
Activity - passivity,نشاط - سلبية
Actual neurosis,عصاب راهن
Actualization,فعلنة
Adaptation,تطويع
Addition,زيادة
Additional Instance,مثال إضافي
Addresser and Addressee,متكلم ومخاطب
Adequacy,وفاء (بالنص)
Adjective,نعت، صفة
Adjunct,ملحق
Adorned Translation,ترجمة مزركشة
Adverb,ظرف
Advocacy groups,مجموعات التأييد والموالاة
Aesthetic (s),جمالي/ جماليات
Aesthetic Theory,نظرية جمالية
Affect,انفعال
Affirmative Deconstruction,تقويضية إيجابية
Affirmative Productivity,إنتاجية إيجابية
Affixation,إلصاق
Afrikaners,أفريقيون من أصل أوروبي
Age Systems,أنظمة السن
Agency,ركن/ سلطة
Agent,منفذ
Agglutination,التصاق، نحت الإلصاق
Aggrandizement,مبالغة
Aggregation,تجمع
Aggressive instinct,نزوة العدوان
Aggressivity,عدوانية
Agit-Prop Theatre,مسرح التهيج الدعامي
Agreement,تطابق
Ahistorical,لاتاريخي
Aim (instinctual-),هدف نزوي
Aim inhibited,مصدود الهدف
Alienation Effect,أثر تغريبي
Allegorical Text,نص - أمثولة
Allegory,قصة رمزية
Alliteration,جناس استهلالي
Allo-erotism,غلمة غيرية
Allomorphy,بديلة صرفية
Alteration of the ego,إلتياث الأنا
Alternative,بديل
Ambiguity,غموض/ لبس
Ambiguous,ملبس/ غامض
Ambivalence,تجاذب وجداني
"Ambivalent pre-ambivalent post-
ambivalent",متجاذب وجدانيا سابق للتجاذب لاحق للتجاذب
A-Movement,حركة - ض
Anachronism,خطأ تاريخي، مفارقة تاريخية
Anaclisis,استناد
Anaclitic attachment,اتكالي
Anaclitic depression,اكتئاب اتكالي
Anaclitic type of object choice,اختيار الموضوع بالاستناد
Anagogic interpretation,تأويل روحاني
Anagram,جناس تصحيفي، جناس القلب
Analogue Oppositions (Antonyms),تقابلات نظيرية/ تضادات
Analogue Signs,إشارات نظيرية
Analogy,قياس
Anal-sadistic stage,مرحلة سادية شرجية
Analytical Competence,كفاءة تحليلية
Anaphony,تكرار الكلمات
Anaphor,عائد
Anaphora,إحالة، تكرار توكيدي
Anchorage,إرساء
Animacy/ Vitality,حيوية
Anoriginality,لاأصل
Antecedent,سابق
Antecedent Contained Deletion,حذف يحتوي سابق
Antecedent Government,عمل بالسابق
Anthropology,أنثروبولوجيا
Anthropophagy,تآكل أنثربولوجي
Anticathexis,توظيف مضاد
Anxiety hysteria,هستيريا القلق
Anxiety neurosis,عصاب القلق
Apartheid,تمييز عنصري
Aphanisis,زوال الشهوة/ إصفاء
Aphasia,قرائية/ عي (فقدان القدرة على الكلام)
A-Position,موقع - ض
Apparatus,جهاز
Appellative function,وظيفة الاستمالة
Apposition,بدل، عاطف بيان
Approximative equivalence,تكافؤ تقريبي (كلمة تكافئ جزءا من كلمة)
Arbitrariness,اعتباطية
Arbitrary,عشوائي/ اعتباطي/ استنسابي/ كيفي/ تحكمي
Archaism,لفظة عتيقة أو مهجورة، إحياء المهجور/ إغراب لفظي
Archi-Originatory Intactness,خلوص أصيل قديم
Argot,أرغة
Argument,موضوع
Argument Structure,بنية موضوعية
Armature,درع
Armed gangs,عصابات مسلحة
Art,فن
Art-for-Arts Sake,فن للفن (نظرية)
Articulation,نطق، لفظ، تمفصل
Articulation of Codes,تمفصل شيفرات
Articulatory- Perceptual,تلفظي - إدراكي
Aspect,جهة/ هيئة، صيغة الفعل (وخاصة لتبيين مدة الفعل)
Assignment,تكليف
Assimilation,تماثل
Association,تداع/ ترابط/ جمعية
Associative relations,علاقات ترابطية
Assonance,سجع الصوائت، تجانس صوتي
Asymmetrical,غير متماثل
Atheoretical,لانظري
Attention (evenly) suspended,انتباه (عائم)
Attention (Suspended),انتباه (عائم)
Attentive Mind - Changing,عدول يقظ
Attrition Language,تآكل اللغة
Audience,جمهور
Author - Function,مؤلف -وظيفة
Auto-erotism,غلمة ذاتية
Automatic anxiety,قلق ﺁلاتي
Autonomy,حكم ذاتي مستقل
Autoplastic - alloplastic,مطاوعة ذاتية - تطويع الغير
Auxiliary,مساعد (فعل مساعد)
Auxiliary Verb,فعل مساعد
Axiomatic,بديهي
Back - Transformation,تحويل ارتدادي
Backgrounding,تبعيد
Back-Translation,ترجمة ارتدادية
Base-Component,مكون- أساس
Base-Generated,مولدة في الأساس
Basilect,أساس لهجي
Battery,منظومة وسائل تحليلية
Behavior,سلوك
Being conscious,وعي (نفساني)
Biculturalism,ثنائية ثقافية
Biennial,كل سنتين
Bigotry,تعصب أعمى
Bilingualism,ثنائية لغوية
Binarism,ثنائية
Binary,مثنوي
"Binary Oppositions (or Digital
Opposition)",تقابل ثنائي (أو تقابل رقمي)
Binding,ارتباط
Binding Theory,نظرية ربط
Biology,بيولوجيا
Bisexuality,ثنائية جنسية
Blank Verse,شعر مرسل
Bloodletting,إراقة دماء
Body,جسد
Bond workers,رابطة العمال
Borderline Case,حالة بينية
Boundary,حد
Bounding,فاصلة
Breakthrough of the repressed,عودة المكبوت
Brevity,إيجاز (خاصية مميزة)
Bricolage,اقتطاف
Brief-Translation,مذكرة الترجمة
Broadcast Codes,شيفرات واسعة الانتشار
Brokerage,سمسرة/ ترويج
Buffering,حجز/ منع
Bulwark,حصن
Burdensome,مرهق
Bureaucracy,بيروقارطية
Candidate,"مرشح ""للانتخاب"""
Cannibalism,هجنة
Cannibalistic,افتراسي
Cannibalistic Theory,نظرية الهجنة
Cannibalization,تهجين
Canon,معتمد/ مدونة معتمدة
Canonical Text,نص معتمد
Capitalism,رأسمالية
Case,حالة إعرابية/ حالة إعراب
Case Filter,مرشح حالة إعرابية
Case Theory,نظرية حالة إعرابية
Caste,طبقة اجتماعية
Castration complex,عقدة الخصاء
Casualties,إصابات/ ضحايا
Catachresis,مجاز شاذ، لحن
Catalyst,مادة حفازة (كيمياء)
Cataphor,إلماع، إشارة
Categorial,قاعدي
Categorical,فصيلية
Categories Universal,مقولات جامعة/ كليات
Cathartic (therapy or method-),تفريج (طريقة أو علاج- )
Cathartic method,تفريج (طريقة تفريجية)
Cathectic energy,طاقة التوظيف
Cathexis,توظيف
Caudillos,زعماء
Causal connection,علاقة سببية
C-Command,تحكم مكوني
Celebrity,مشاهير
Censorship,رقابة
Chagrin,كدر
Chain,سلسلة
Change,تغير
Channel,قنال
Character neurosis,عصاب الطبع
Charade,تمثيلية مصطنعة
Chattel,أملاك منقولة
Choice of neurosis,اختيار العصاب
Citizenship,مواطنة
City,مدينة
Civil liberties,حريات مدنية
Civilization,حضارة
Claimants,مطالبون
Clan,عشيرة
Class,طبقة
Clause,عبارة جملية/ جملة
Clause Bounded,محددة ضمن عبارة جملية
Clientelism,محسوبية
Cloacal theory,نظرية حشية
Clusters,مجموعات
Code (s),شفرة/ شيفارت
Code-switching,تحول شيفري/ تغيير شفري
Codification,تثبيت تشفير /إشفار
Coding,تشفير
Coercion,قمع/ إكاره
Cognitive Psychology,علم النفس المعرفي
Cognitive Science,علم معرفي
Coherence,حبك (محتوى مفهومي)
Cohesion,تماسك
Colonialism,استعمارية/ استعمار
Combination Axis,محور المزج
Combined parents,والد مزيج/ والدين ممتزجين (صورة الـ- )
Commodity,سلعة
Communication,اتصال
Communicatively Oriented,ذو توجه اتصالي
Communities of taste,أذواق و ميول مشتركة
Community,مجتمع/ جماعة/ عشيرة
Commutation Test,اختبار إبدال
Competence,مقدرة، كفاية
Competence Oriented,ذات توجه إلى الكفاءة (نظرية)
Competent Reader,قارئ كفء
Complement,مكمل
Complemental series,سلسلة مكملة (سلاسل- )
Complementarity,تكاملية
Complementary Distribution,توزيع تكاملي
Complementizer/ Infinitival,مصدري
Complex,عقدة
Complex of Norms,تركيبة معايير
Complex Sign,إشارة مركبة
Component or partial instinct,نزوة جزئية
Compositional Concept,مفهوم إنشائي
Compromise,تسوية وحل وسط
Compromise - form,تكوين تسوية
Compromise formation,تكوين تسوية
"Compulsion, compulsive",اضطرار/ اضطراري/ قهري
Computation,حوسبة
Conative Function,وظيفة نزوعية
Concept,تصور
Concept Underlying,مفهوم مستتر
Conceptual Scheme,مخطط تصوري
Conceptual-Intensional,مفهومي - حدودي
Conceptualization,صياغة تصورية
Conceptualizing,صورنة (وضع تصور، وضع مفاهيم)
Concession,تسليم
Concordat,اتفاقية بين البابا وحكومة ما
Condensation,تكثيف
Conditional,شرطي
Conduit metaphor,استعارة توصيلية أو أنبوبية
Configuration,تموضع/ تشجيرة/ تشكيلة
Conflict,صراع
Conforming,مشاكلة
Conformity,انسجام و طاعة
Congruence/ Identity,تطابق
Conjectures,حدس
Conjunct,عنصر متعاطف
Conjunction,عطف/ ربط
Connotation,دلالة ضمنية/ إيحاء، تضمين، ظل المعنى
Conscription,تجنيد إلزامي
Conservatism,محافظة
Considerations of representability,قابلية التصوير (أخذ قابلية التصوير بعين الاعتبار)
Consonant,صامت
Constellations,مجموعات/ تمركزات
Constituency,دائرة انتخابية
Constituent,مكون
Constitution of the Subject,تكوين موضوعي
Constraint,تقييد
Constrative,متباين/ متقابل/ متغاير
Construction,بنيان/ تركيب
Construction,بنيان/ تشييد
Constructional Function,وظيفة تركيبية
Consultation,تشاور
Consumption,استهلاك
Content,مضمون
Content Derivative,اشتقاق مضموني
Contextualized,مقترن بالسياق
Contiguity,تجاور
Contingent,طارئ
Continuum,سلسلة متصلة
Contortion,التواء (ظاهرة ترجمية)
Contour,خط كفافي
Contraction,قبض (ظاهرة ترجمية)
Contrarian,من يوظف أموالا خلافا للرأي العام
Control,يراقب
Controlled,مراقب
Conventionalism,اصطلاحية
Conventionality,اصطلاحي
Conversion,إقلاب
Conversion hysteria,هستيريا الإقلاب
Copula,فعل اربط
Copy,نسخة
Core,نواة/ لب
Core Structure,بنية صميمية
Corpus,متن
Correspondence,تماثل/ تطابق
Correspondence Rule,قاعدة توافق
Corruption,فساد، تحريف
Counter - transference,نقلة مضادة/ طرح مضاد/ تحويل مضاد
Counter Memory,ذاكرة مضادة
Country,بلد
Covert,مستتر
Creative Transposition,نقل إبداعي
Creole,كريول/ لغة هجين
Creolization,تهجين لغة
Creolized Creole,كريول هجين
Creolized Language,لغة هجينة
Criticism,نقد
Cross Fertilization,تلاقح
Cultural Dependency,تبعية ثقافية
Cultural turn,منعطف ثقافي
Cultural-Relativism,نسبية ثقافية
Culture,ثقافة
Cybernetics,علم التحكم
"Damming up of libido /Damming up the
libido",انحباس لبيدي/ احتباس اللبيدو
Data Bank,بنك معطيات
Database,قاعدة معطيات
Dative,حالة مستفيد
Day’s residues,بقايا نهارية
Daydream,حلم يقظة
De Coding,حل الشفرة
Death instincts,نزوات الموت
Deautomizaion,سلب اﻵلية
Decay,تضاؤل/ تفسخ
De-centering,سلب المركزية (نفي)
Deciders,أصحاب القرار
Decoding,فك تشفير
Deconstruction,تفكيك/ تقويضية
Decrement,نقصان
Decreolization,فك الهجنة
De-democratization,إطاحة الديمقارطية
Deep Structure,بنية باطنة
Defamiliarization,تعجيب
Defence,دفاع
Defence hysteria,هستيريا الدفاع
Defence mechanisms,أواليات الدفاع (أوالية)
Defence psycho-neurosis,نفاس الدفاع
Definite,دقيق
Definite Descriptions,أوصاف محددة
Deformation,تشويه الشكل
Defunct,ميت
Deixis,إشارية، إشارة
Deleterious,ضار
Deletion,حذف
Deliberative,متأن
Delirium,هذيان
Demise,زوال
Democracy,ديمقارطية
Democratization,إقامة الديمقارطية
Demolinguistic,لسانيات ديموغارفية
Denaturalization,إزالة تطبيع
Denotation,دلالة تعريفية/ دلالة ذاتية، معنى حرفي
Denotatum,مسمى
Depleted,مستنفد
Deposits,مخزونات
Depressive position,وضعية اكتئابية
Derivative of the unconscious,مشتقات اللاوعي
Descriptive,وصفي
Descriptive Linguistics,لسانيات وصفية
Designation,دلالة تعيينية
Designatum,مشار إليه
Desire,رغبة
Destructive instinct,نزوة التدمير
Destructure,تفكيك
Determiner,حد
Determiner Phrase (DP),عبارة حد (ع حد)
Development,نشوء/ تنمية
Deviant Form,شكل معدول
Deviant Language,لغة معدولة
Devoicing,سلب الصفة الصوتية
Diachronic,تطوري، تاريخي/ زماني (تعاقبي)
Diachronic Analysis,تحليل زماني
Diachrony,تعاقب/ تطور أو تاريخ لغوي
Diacritics,إشاريات
Dialect,لهجة
Dialectology,علم اللهجات
Dialogic,تحاوري
Diapherein,أنجز النقل
Diaspora (s),شتات/ مناطق الشتات
Dichotomy,ثنائية/ تشعيب ثنائي (قسمة ثنائية)
Diction,معجم
Differed action,بعدي/ مؤجل/ لاحق
Difference,اختلاف
Digital Signs,إشارات رقمية
Diglossia,ازدواجية لغوية
Diminished democracy,ديمقارطية ناقصة
Diminution,إقلال من
Direct analysis,تحليل مباشر
Direct Object,مفعول مباشر
Directness of Address,مباشرية المخاطبة
Disability,إعاقة/ عدم القدرة
Discharge,نسق تفريغ/ تفريغ
Disciplinary Matrix,مصفوفة تخصصية
Discipline,انضباط
Discontinuity,انقطاع
Discourse,خطاب
Discourse Community,مجتمع خطاب
Discourse Theory,نظرية الخطاب
Discourse-Linked,مرتبطة خطابيا
Discretionary,استنسابي
Disequilibrium,افتقاد التوازن(سمة تعبيرية)
Disfranchised,محروم من حق التصويت
Disheveled,مشعثون(جماعة)
Displacement,إزاحة
Dispossession,نزع الملكية
Disruption,تمزق
Distinction Theoretical,تمايز نظري
Distortion,تحوير/ تشويه
Distraction,التهاء/ تحول
Dogmatism,تصلب الفكري
Domestication,تدجين
Dominant,مهيمن
"Dominant (or Hegemonic) Code and
Reading",شيفرة وقراءة سائدتان مهيمنتان
Dominant Language,لغة مهيمنة
Dominate,يهيمن
Dominion,دولة مستقلة ضمن الكومنولث
Double Articulation,تمفصل مزدوج
Double Question,سؤال مضاعف
Dream - Work,عمل الحلم
Dream Screen,ستارة الحلم
Drug runners,تجار المخدارت
D-Structure Deep Structure,بنية عميقة (بنية – ع)
Dualistic Representation,ثنائية التمثيل (نظرية)
Duality,إزدواجية
Dynamic,دينامي
Dynamic Content,محتوى ديناميكي
Dynamic Equivalence,تكافؤ ديناميكي
Dynamic Theory,نظرية حركية
Dyslexia,قصور قارئي، عسر القراءة والفهم
Dysphasia,حبسة، عي
Echo Questions,أسئلة صدى
Economic,اقتصادي
Economy,اقتصاد
Education,تعليم
Effectiveness,فعالية تأثيرية
Efficacy,قدرة على التأثير
Ego,أنا (الأنا)
Ego - libido - object - libido,لبيدو الأنا - لبيدو الموضوع
Ego ideal,مثل أعلى للأنا
Ego instincts,نزوات الأنا
Ego libido - object - libido,لبيدو الأنا - لبيدو الموضوع
Egoism,أنانية
Egosyntonic,متلائم مع الأنا
Elaborated Codes,شيفرات متقنة
Electra complex,عقدة ألكتار
Elite (s),نخبة/ نخب
Elite Interpreter,مفسر نخبة
Ellipsis,حذف
Embedded,مكتنفة
Embedding Structure,بنية مدمجة
Emotion,انفعال
Emotional Complex,مركب انفعالي
Emotional Feature,سمة الانفعالية
Empirical,تجريبي/ اختباري/ إمبريقي
Empirical Fact,حقيقة اختبارية (إمبريقية)
Empowerment,تفويض/ منح سلطة/ تمكين
Empty Category Principle (ECP),مبدأ فصيلة فارغة (م ف غ)
Empty Signifier,دال فارغ
Enclaves,مواقع مستعصية ضمن الدولة
Encoding,تشفير
Encounters,مواجهات
Endorsement,مصادقة/ موافقة
Endowment,وقفية/ منح
Entente,حلف
Entity,كيان
Entrepreneur,مقاول مستحدث
Environment/ Ecology,بيئة/ علم البيئة
Epistemological-Relativism,نسبية معرفية
Epithet,نعت
Equality,مساواة
Equalization,إقامة المساواة
Equative,تعادلي
Equivalence,تكافؤ
Ergativity,إركاتية
Erogeneity,قابلية توليد الغلمة
Erogenic,مولد للغلمة
Eros,إيروس
Erotogenic,مولد للغلمة
Erotogenic zone,منطقة مولدة للغلمة
Essence,ماهية
Essentialism,جوهرية (نظرية)
Estrangement,تغريب
Ethnic block,كتلة إثنية
Ethnicity,عرقية/ إثنية
Ethnography,علم الأعراق
Ethnolinguistic Vitality,حيوية إثنية
Ethnoprofile,مظهر إثني
Etymology,تأثيل، إشتقاق
Event,حدث
Everyday,يومي
Evolution,تطور
Exceptional Case Marking ( ECM ),وسم إعرابي استثنائي ( واس)
Exclamation,تعجب، عبارة إنفعالية
Existential Quantifier,محدد كمي وجودي
Expansion,بسط (ظاهرة في الترجمة)
Experience,تجربة
Experience of satisfaction,تجربة الإشباع/ إرضاء
Experiencer,مجرب
Experimental Form,شكل تجريبي
Expletive (s),خلل فهم الكلام/ عناصر حشوية
Expressive Category,مقولة تعبيرية
Expressive Character,خاصية تعبيرية مائزة
Expressive Feature (Quality),سمة (صفة) تعبيرية
Expressive Function,وظيفة التعبير
Expressive Function,وظيفة تعبيرية
Extended Projection Principle ( EPP ),مبدأ إسقاط موسع (م إ م)
Extra - Literary,أدبي حاف (من خارج الأدب)
Extra position,نقل الموقع
Extralinguistic,خارج لغوي
Extra-linguistic Factor,عامل لساني حاف/ من خارج اللسانيات (لغة)
Extraliterary Order,نظام أدبي حاف
Extrapolation,استقراء
Extrinsic,خارجي
Facilitation,تمهيد عصبي
Facultative Equivalence,تكافؤ اختياري(كلمة تكافئ أكثر من كلمة)
Fad,بدعة لمدة قصيرة
Failure - neurosis,عصاب (متلازمة) الفشل
Faithful Translation,ترجمة أمنية
Falsification,دحض
Family,عائلة
Family neurosis,عصاب أسري
Family romance,رواية أسرية
Fanfare,جعجعة/ احتفال رنان
Fantastic,عظيم
Fantastic Phantasmagoric Tales,حكايات غارئبية متحركة
Fantasy,هوام
Fashion,زي
Fate neurosis,عصاب المصير
Father complex,عقدة الأبوة
Faulty Equivalence,تكافؤ خاطئ
Faulty Function,وظيفة معيبة
Feature,معلم، ملمح
Feminism,نسوية
Fetish,صنم
Financial capital,رأس المال
Finite,منته
Finitude,محدودية
Fixation,تثبيت
Fledgling democracy,ديمقارطية ناشئة
Flight into illness,هروب في المرض
Fluctuations,تقلبات
Folktale,حكاية شعبية
Force,قوة
Foregrounding,تقريب
Foregrounding Stylistic,إبراز أسلوبي
Foreigner Talk,لغة الأجنبي
Foreignized Folktale,ترجمة مغربة
Foreignizing Strategy,استراتيجية التغريب
Form,شكل
Form/ Content,ثنائية الشكل/ المحتوى
Form/ Theme,ثنائية الشكل/ الموضوع
Formal Equivalence,تكافؤ شكلي
Formal Representation,تمثيل شكلي
Formal Semantics,دلالة الصورية
Formal Universal,جوامع شكلية
Formalism,شكلانية
Formalism of Forms,شكلانية الأشكال
Formulas,صيغ
Fractious citizens,مواطنون عنيدون
Fragmented Syntax,نحو متشظي
Framework,إطار نظري
Franchise,حق الانتخاب
Free association,تداع حر
Free energy - bound energy,طاقة حرة - طاقة مربوطة
Free Translation,ترجمة حرة
Free Verse,شعر حر
Freedom,حرية
Freedom House ratings,تقديرات دار الحرية
Fright,رعب/ رهبة
Frustration,إحباط
Function,وظيفة
Functional,وظيفي
Functional approach,مقاربة وظيفية
Functional determination,تحديد وظيفي
Functional equivalence,مكافئ وظيفي
Functional linguistics,لسانيات وظيفية
Functional phenomenon,ظاهرة وظيفية
Functional relevance,تعلق وظيفي
"Functional-relational of Equivalence
Postulate",فرضية وظـيفية عـلائقية للتكافؤ
Function-oriented Description,وصف ذو التوجه الوظيفي
Functions of Signs,وظائف إشارات
Fundamental rule,قاعدة أساسية
Fundamentalism,أصولية
Fusion - diffusion (of instincts),اتحاد - انفصال (النزوات)
Futuristic,مستقبلي
Futuristic Text,نص مستقبلي
Garden Paths,ممار تحدائق
Gated communities,جاليات مقولبة
Gay and Lesbian,شاذ وشاذة
Gender,نوع الجنس/ جنوسة
Generate,تولد
Generation,جيل
Generation of anxiety,تصعيد القلق/ توليد
Generative,توليدي
Genetic,جين/ جيني
Genital love,حب تناسلي
Genital stage or organization,مرحلة تناسلية/ أو تنظيم
Genitive,مضاف إليه، إضافي
Geolinguistic,لسانيات جغارفية/ جيولسانيات
Gerund,مصدر، اسم مشتق من فعل/ اسم (نحو)
Gerundive Constructions,تراكيب مصدرية
Gestalt-Like System,نسق شبه جشطالتي (صوري)
Global Proposition,قضية كلية
Global Scale,نطاق شامل
Globalization,عولمة
Glottalization,تهميز
Goal-Seeking System,نسق البحث عن الهدف
"Good object, Bad object",موضوع«طيب»/ موضوع«سيىء»
Governing Category,فصيلة عاملة
Government,حكومة/ عمل
Government-Binding Theory,نظرية العمل و الربط
Grammar,نحو، قواعد اللغة
Grammaticality,قواعدية /نحوية
Grapheme,وحدة خطية
Grass-roots,قواعد شعبية/ جذور
Ground of Difference,أرضية الاختلاف
Guilt feeling,شعور بالذنب
Handouts,صدقات
Harbingers,رواد مبشرون
Head Final Languages,لغات ذات رؤوس متأخرة
Head Initial Languages,لغات ذات رؤوس متقدمة
Hegemonic Code,شيفرة مهيمنة
Helplessness,عجز (حالة الـ )
Heritage,تارث
Hermeneutics,علم تأويل النصوص/ تأويلية
Heterogeneity,عدمتجانس
Heterogeneous territories,أقطار ذات انتماءات مختلفة
Heuristic,استكشافي
Hexameter,وزن سداسي
Hierarchy,نظام هرمي
Historical Grammar,نحو تاريخي
Historical Metalepsis,هيمنة تاريخية
Historicism,تاريخانية
History,تاريخ
Hit squad,شرذمة اغتيالات
Holocaust,محرقة
Home,منزل
Homelands,أوطان
Homology,تماثل
Homonym,مجانس لفظي
Homophone,أحادي الصوت
Homophony,مجانسة لفظية
Hospitalism,فصال
Howler,غلط فاحش
Human,إنساني
Human Rights,حقوق الإنسان
Humanism,إنسية (نزعة/ مذهب)
Humanistic,إنسي
Hypercathexis,توظيف مفرط
Hypnoid hysteria,هستيريا تنويمية
Hypnoid state,حالة تنويمية
Hypothetical Entity,كيان افتراضي
Hypothetical Invariant,ثابت افتراضي
Hysteria,هستيريا
Hysterogenic zone,منطقة مولدة للهستيريا
Iconic,إيقوني
Id,هو (ألـ- )
"Idea, presentation",تصور
Ideal ego,الأنا المثالي
Ideal Readers,قراء مثاليون
Idealization,مثلنة
Idealized path,المسلك المثالي
Ideational Content,محتوى فكري
Ideational representative,ممثل تصوري
Identification,تماه/ تعيين
Identification with the aggressor,تماه بالمعتدي
Identity,هوية
Ideogram,إيديوغرام
Ideolect,لهجة عليا
Ideolectal,أيديولهجي
Ideologicalization,أدلجة
Ideology,أيديولوجيا
Idiosyncratic,فرادي
Idiosyncratic Realization,تحقق متفرد
Illocutionary,تحقيقي، إنجازي
Image,صورة
Imaginary,خيالي
Imaginary Signifier,دال متخيل
Imagism,تصويرية (نزعة/ مذهب)
Imagistic,تصويري
Imago,صورة هوامية
Immediate constituent,مكون مباشر
Immediate Domination,هيمنة مباشرة
Immersion,إغماس
Impeachment,اتهام
Implication,مضمون
Impressionism,انطباعية (نزعة/ مذهب)
Impressionistic Sketch,مخطط انطباعي
Inadequacy,عدم وفاء
Inclusive Language,لغة شاملة
Incorporation,إدماج
Incumbents,أصحاب المناصب
Incursion,عصيان
Indefinite,غير معرف
Indeterminacy,لاتعين
Indexical,تأشيري
Indigenous,أصلي/ أهلي
Individual,فرد
Industry,صناعة
Ineptitude,عدم الكفاءة
Infantile amnesia,نسيان طفلي
Inferiority complex,عقدة الدونية
Inferiority feeling,شعور بالدونية
Infinitive,مصدري، صيغة مصدر الفعل
Inflection,صرفة (تغيير في مقام الصوت)
Influence Studies,دراسات التأثير
Information,معلومات
Infrastructure,بنية تحتية
Initial norm,معيار ابتدائي (للترجمة)
Initiator,مبادر
Innate,فطري/ سليقي
Innateness,فطرة/ سليقة
Innervation,تعصيب
Innovation,ابتكار/ تجديد
Insiders,مطلعون
Instinct,غريزة/ نزوة
Instinct to master,نزوة السطوة
Instincts of self - preservation,نزوات حفظ الذات
Instinctual component,مكون نزوي
Instinctual impulse,حركة نزوية
Instinctual representative,ممثل النزوة
Institutional logic,منطق مؤسسي
Institutional-communicative,مؤسسي - اتصالي (إطار)
Institutionalization,صياغة مؤسسية
Instrumentalist,ذرائعي
Instruments,صكوك/ أدوات
Insubstantial,واهن/ ضعيف
Insurgency,عصيان
Insurrection,عصيان مسلح
Intact kernel,نواة خالصة
Integration,توحيد
Intellectual,مثقف
Intellectual complex,مركب ذهني
Intellectualization,فكرنة
Intention,قصد
Intentional Fallacy,خداع القصد
Inter language Forms,أشكال متداخلة في ما بين اللغات
Interdependence,توافق
Inter-disciplinary,متكامل الاختصاص
Inter-disciplinary approaches,مقاربات تخصصية متكاملة
"Interest, ego interest",اهتمام/ اهتمام الأنا
Interethnic,بيئثني (إثني، بين الجماعات الإثنية)
Interference,تداخل
Interference Translation,تداخل ترجمي
Interim,مؤقت
Interlangua,بينية لغوية
Interlingual Translation,ترجمة بينية
Interlingual/ Interlanguage,بيلغوي(بين اللغات)
Interlinguistic,لسانية بينية
Interliterary relations,صلات أدبية متعالقة
Intermediate translation,ترجمة وسيطة
Internalization,استدخال
Interpellation,استجواب
Interpenterability,قابلية للاختراق
Interprectative aspect,اعتبار تفسيري
Interpretation,تأويل/ تفسير
Interpretative community,مجتمع مفسر
Interrelatedness,تعالق
Intersemiotic,سيميائي بيني
Intersemiotic translation,ترجمة سيمائية تبادلية
Intertextual,بينصي/ نصي بيني
Intertextuality,تناص
Inter-translatibility,قابلية متبادلة للترجمة
Intonational contours,منحنيات تنغيم
Intralingual translation,ترجمة لغوية أحادية
Intransitive,لازم
Intrasystemic relations,علاقة نسقية داخلية
Intratextual,نصي داخلي
Intratextuality,نسيج نص
Intricacy - disjunction,تشابك - انفكاك
Intrinsic,جوهري/ داخلي
Introjection,اجتياف
Introversion,انطواء
Intuition,حدس
Invariance,ثبات
Invariant Factor,عامل ثابت
Inventory,مخزون/ بيان مفصل
Inverse Linking,ربط معاكس
Irony,سخرية/ تهكم (خاصية تعبيرية)/ مفارقة
Irrational feature,سمة اللامعقول
Isolation,عزل
Isomorphism,تماثل
Italianization,طلينـة
Iterate,يتكرر
Jargon,رطانة (لغة مضطربة)/ لغة خاصة
Journeymen,عمال مهرة
Joviality,طرافة (خاصية تعبيرية)
Judgment of condemnation,حكم الإدانة
Junta,طغمة
Jurisdiction,نطاق سلطة الدولة
Justice,عدالة
Juxtaposition,تجاور
Kantian Universality,مبدأ الجامعية
Kernel,نواة
Kernel Structure,مبنى نووي
Key-Concept,مفهوم مفتاحي
Knowledge,معرفة
Label,عنونة/ علامة تصنيفية
Landing Site,محط
Language,لغة
Language and parole,لغة وكلام شفوي
Language attitude,مواقف اللغة
Language competition,تنافس لغوي
Language conflict,صراع لغوي
Language contact,اتصال لغوي
Language death,موت اللغة
Language degeneration,انحطاط اللغة/ اندثار اللغة
Language demise,توقف/ زوال اللغة
Language demography,ديموغارفيا اللغة
Language displacement,إزاحة اللغة/ انزياح اللغة
Language drift,انحرلف اللغة
Language faculty,ملكة لغوية
Language learning,تعلم اللغة
Language murder,قتل اللغة
Language planning,تخطيط لغوي
Language policy,سياسة لغوية
Language preservation,حفظ اللغة
Language replacement,استبدال اللغة
Language revitalization,إحياء اللغة
Language shift,تحول اللغة
Language suicide,انتحار لغوي
Language tip,ميلان اللغة
Latency period,فترة الكمون
Latent content,محتوى كامن
Latent dream - thoughts,أفكار الحلم (الكامنة)
Layer/ class,طبقة
Level,مستوى
Lexical,معجمي/ مفرداتي
Lexical borrowing,اقتارض معجمي
Lexical item (s),وحدة معجمية/ مفردات معجمية
Lexical resource,مصدر معجمي
Lexical rule,قاعدة معجمية
Lexicographer,واضع المعاجم
Lexicological,مفرداتي
Lexicon,معجم
Liberalism,ليبرالية
Libidinal stage,مرحلة لبيدية
Libido,لبيدو
Libido adhesiveness,تشبث اللبيدو
Life instincts,نزوات الحياة
Lineages,سلالات
Linear approach,مقاربة خطية
Linear rule,قاعدة خطية
Lingua franca,لغة تعامل
Linguistic,لغوي، ألسني
Linguistic determinism,حتمية لغوية
Linguistic law,قانون لغوي
Linguistic legislation,تشريع لغوي
Linguistic relativism,نسبية لغوية
Linguistic relevance,تعلق لساني
Linguo-cultural relativity,نسبية لغوية - ثقافية
Lipogram,مستقطع، (نص) مجرد (من حرف معين)
Literal translation,ترجمة حرفية
Literalism,حرفية
Literariness,أدبية
Literary,أدبي
Literary function,وظيفة أدبية
Literary historicism,تاريخانية أدبية
Literary interference,تداخل أدبي
Logical form (LF),صيغة منطقية (صم)
Logical positivism,وضعية منطقية (نظرية) (وضعية محدثة)
Logocentrism,مركزية اللغة
Logophiliac,مهووس بالكلمات
Logopoeia,لعبة الدلالية
Logos,لوغوس(شعارات)
Luminous details,تفاصيل مضيئة
Macro literacy,أبجدة - ماكرو
Macro proposition,قضية كبرى
Macrolevel,مستوى أكبر
Macrostructural level,مستوى البنى الكبرى
Magnets,شخصيات بارزة
Major,أكثري(متعلق بالأكثرية)
Major system,نسق أساسي
Malfeasance,إخلال بالوظيفة
Management,إدارة
Manifest content,محتوى ظاهر
Manifestations,تجليات
Mans double,قرين
Many-to-One correspondence,مقابلة الكثرة بالواحد
Marginal,هامشي
Marked feature,سمة موسومة
Markedness,وسم/ موسومية
Marker,واسم
Market,سوق
Masculinity - feminity,ذكورة - أنوثة
Masochism,مازوشية
Mass,حشد
Mass media exposure,انفتاح على وسائل الإعلام
Massacre,مجزرة
Massive metalepsis,تعمية جمعية
Match,تناسب
Material,مادة
Materialism,مادية
Matricial norms,معايير مصفوفية (معيار إجرائي)
Matrix,مصفوفة
Maximal projection,إسقاط أكبر
Mayhem,تعطيل أو تشوه دائم
M-Command,تحكم - أ
Meaning,معنى
Means-to-an end method,منهجية طريقة توصل إلى غاية
Measuring silence,قياس الصمت
Mechanical translation,ترجمة ﺁلية
Media,وسائل الإعلام
Mediation,وساطة
Medium,وسيلة اتصال
Megatype,نمط أكبر
Melopoeia,خاصية موسيقية
Memory,ذاكرة
Mental factor,عامل ذهني
Mentalistic,ذهني
Mentalistic paradigm,نموذج ذهني
Mercenaries,جنود مرتزقة
Message,مرسلة
Meta - Language,لغة على لغة (كلام على كلام)/لغة واصفة
Metalingual function,وظيفة تقعيد لغوي
Metaliterature,أدب على أدب
Metanalysis,تحديد خاطئ، تحليل تخميني
Metaphor,استعارة
Metapoem,قصيدة وصفية
Metapsychology,ما وراء علم النفس
Metascience,علم مجاوز
Metatext,نص شارح
Metathesis,قلب مكاني، تبادل خاطىء
Metonymic activity,نشاط ذو طبيعة مجازية
Metonymy,كناية
Metrical Translation,ترجمة وزنية
Micro,ميكرو
Microlevel,مستوى أصغر
Microstructural Level,مستوى البنى الصغرى
Midsection,قسم أوسط
Militant,مناضل
Mimetic theory,نظرية محاكاة
Minimal pair,متقابلان أدنيان
Minimal pairs,أزواجدنيا
Minimalist program,البرنامج الأدنوي
Minimality requirement,شرط دنو
Minimax theory,نظرية الحد الأدنى
Minor,أقلي (متعلق بالأقلية)
Minor language,لغة محدودة الانتشار
Minor subsystem,نسق ثانوي فرعي
Minority language,لغة أقلية
Mirror stage,مرحلة المرﺁة
Mixed neurosis,عصاب مزيج
Mnemic symbol,رمز ذاكري
Mnemic trace,أثر ذاكري
Mobility,حراك
Modal,وجه
Modal auxiliary,فعل مساعد صيغي
Modality,وجهة قول، موقفية/ موجه
Modals,أفعال مساعدة جهوية
Model,طراز (نظري)
"Modeling Systems, Primary and
Secondary",منظومات تشكيل، أولي وثانوي
Modern,حديث
Modernistic,حداثي
Modernistic text,نص حداثي
Modes of address,صيغ مخاطبة
Modicum,قليل/ جزء يسير
Modify,يقيد/ يحدد
Modular grammar,نحو تعديلي، نحو معياري
Momentous,هام/ شديد الخطورة
Monistic,أحدية (غير قابلة للانقسام)
Monolingual,أحادي اللغة
Monolinguistic,لساني أحادي
Monolithic,تراص/ تناغم
Mood,حالة مزلجية
Morpheme,مورفيم، مقطع صرفي
Morphemic,مورفيمي/ صرفي
Morphology,صارفة (علم التشكل)/ صرف(علم تشكل الكلمات)
Mother Tongue/ Mother Language,لغة الأم
Mothering,رعاية أموية
Motivation,تحفيز
Motivation and Constraint,محاكاة وتقييد
Movement Rule,قاعدة نقل
Movements,حركات
Multi-accentuality of the Sign,تعدد في تنبير الإشارة
Multicultural,متعدد ثقافيا
Multiculturalism,تعددية ثقافية
Multilingualism,تعدد لغوي
Multiple System,نسق مركب
Multivariate,متعدد التنوع
Mutation,طفرة
Mutation of Systems,طفرة الأنساق
Mute Irony,مفارقة صامتة
Mute Twin,توأمصامت
Myth,خرافة، أسطورة
Naivete-Theoritical,سذاجة نظرية
Naming,تسمية
Narcissism,نرجسية
Narcissistic libido,لبيدو نرجسي
Narcissistic neurosis,عصاب نرجسي
Narcissistic object choice,اختيار الموضوع النرجسي
Narrative,سردي
Narrowcast Codes,شيفرات ضيقة انتشار
Nation,أمة
National dynamics of struggle,قوى محركة للصراع الداخلي
Native language,لغة أصلية/ لغة فطرية
Nativism,مذهب أهل البلد
Nativization,تأصيل
Natural categorization,تصنيف طبيعي
Natural signs,إشارات طبيعية
Nature,طبيعة
Near-adequacy,وفاء تقريبي
Need for punishment,حاجة إلى العقاب
Negation,تنصل/ نفي
Negative polarity,استقطاب نفي
Negative polarity items (NPI),مفردات استقطاب نفي (م س ن)
Negative therapeutic reaction,استجابة علاجية سلبية
Negotiated code and reading,شيفرة وقراءة موضعا مفاوضة
Neologism,تعبيرات مولدة
Neopositivism,وضعية محدثة (نظرية)
Nervana principle,مبدأ النرفانا
Net movement,حركة هادفة أو نهائية
Network,شبكة
Neurasthenia,عياء
Neurons,عصبات (خلايا عصبية)
Neurosis,عصاب
Neutrality,حياد
Neutralizing,تحييد
Nexus,سلسلة أشياء مترابطة
Node,عقدة، نقطة تفرع(في الرسم الشجري للجمل)
Nomenklatura,مجلس السوفيات الأعلى
Nominal democracy,ديمقارطية بالاسم فقط
Nominative,حالة رفع
Nomological,تقنيني
Non-citizens,مقيمون غير مواطنين
Non-dit,مسكوت عنه
Non-elitist approach,مقاربة غير نخبوية
Non-evaluative approach,مقاربة غير تقويمية
Non-identity,عدم مطابقة
Non-linear rule,قاعدة لاخطية
Non-literary,غير أدبي
Non-null subject languages,لغات ذات فاعل غير فارغ
Non-presence,عدم حضور
Non-representability,عدم قابلية التمثيل
Non-translation,لاترجمة
Norm translation,معيار ترجمي
Norm/ standard,معيار
Normal,معياري
Normalization,تطبيع/ تعيير
Norms,معايير/ مبادئ
Noun,اسم
Noun phrase,مركب اسمي
Null case,حالة فارغة
Null equivalence,تكافؤ صفري(كلمة لا مكافئ لها)
Null subject,فاعل فارغ
Null subject language,لغات ذات فاعل فارغ
Object,شيء/ موضوع/ هدف
Object choice,اختيار الموضوع
Object relationship,علاقة الموضوع
Object shift,انتقال مفعول
Object-control,مراقبة مفعول
Objective distance,مسافة موضوعية
Objectivity,موضوعية
Oblique,حالة غير الفاعل
Obsessional neurosis,عصاب وسواسي
Obsolescent language,لغة ﺁيلة إلى الزوال
Oedipus complex,عقدة أوديب
Office holders,موظفو الحكومة
Oligarchy,حكم الأقلية
One-to-One correspondence,مقابلة واحد بواحد
Onomatopoeia,محاكاة الصوت، تسمية محاكية/ جرس موحي
Ontological-temporal,أنطولوجي - زماني
Open and closed texts,نصوص مفتوحة ونصوص مغلقة
Operational norm,معيار الممارسة (للترجمة)
Operator-variable Structures,بنى معامل - متغير
Oppositional code and reading,شيفرة وقراءة تقابليتان
Oppositions/ semantic,تقابلات، دلالتها
Optimal equivalent,مكافئ أفضل
Oral stage,مرحلة فمية
Oral-sadistic stage,مرحلة سادية فمية
Orders of signification,طبقات دلالة
Organ pleasure,لذة الموضوع
Organic verse,نظم ذو بنية عضوية
Organization of the libido,تنظيم اللبيدو
Organ-pleasure,لذة العضو
Orientalism,استشراق
Oriented text-translation,نص مهيأ للترجمة
Original work,عمل أصلي
Original writer,كاتب أصلي
Originary intent,قصد أصيل
Orthography,علم الإملاء
Ostranenie,تعجيب (مصطلح روسي)
Other,ﺁخر
Outposts,مواقع أمامية
Outreach,امتداد
Over - interpretation,تأويل مضاعف
Over coding,زيادة تشفير
Over determination,تحديد زائد أو فائق/ حتم مضاعف
Overt,ظاهر
Oxymoron,إرداف خلفي، مضادة
Pact,ميثاق
Pair of opposites,زوجا المتعارضات
Paired Segments,ثنائيات مكونات جزئية
Panels,جداول
Pansemiotic Features,سمات سيميائية جامعة
Paradigm,بارديغم/ نموذج/ جدول، صنف استبدالي
Paradigmatic,جدولي
Paradigmatic Analysis,تحليل نمطي
Paradigmatic Aspect,اعتبار استبدالي
Paragram,تحريف، تلاعب لفظي
Parameter (s),وسيط/ وسائط
Para-military,شبه عسكري
Paranoia,عظام
Paranoid,شبه عظامي
Paranoid position,وضعية شبه عظامية
Paraphrase,تعبير مواز
Paraphrenia,فصام هذياني
Parapraxis,هفوة
Parasitic Gaps,فجوات طفيلية
Pariahs,منبوذون
Parity,تكافؤ/ تساوي
Parole,كلام شفوي(عند سوسير)
Paronomasia,تورية، جناس
Parser,جهاز تحليل نحوي
Part - object,موضوع جزئي
Partial instinct,نزوة جزئية
Participation,مشاركة
Parvenu,محدث النعمة
Passivization,بناء للمجهول
Past Participle,بناء لغير الفاعل
Pastoralists,رعويون/ أرباب الأبرشيات
Patenting,منح التراخيص
Patient,متلقي
Patrician,شريف أرستقارطي
Patronage,رعاية (متحكمة)
Patronage systems,أنظمة محسوبية
Patterned energy,طاقة منمذجة
Payoff questions,أسئلة مفيدة
Penis envy,شهوة العضو الذكري
Per capita income,دخل الفرد
Perception - consciousness,إدراك- وعي
Perceptual identity - thought identity,وحدة الفكر - وحدة الإدراك
Performance,أداء، إنجاز لغوي
Performance Oriented,ذات توجه إلى الأداء (نظرية)
Performative,إنجازي
Peripheric,ربضي (محيطي)
Periphrastic,تلميحي
Permutation,تبديل الموقع
Perquisites,علاوات
Person,شخص
Pervasive,واسع الانتشار
Perversion,شذوذ
Petrified element,عنصر متحجر
Petty warlords,أمراء حرب صغار
Phallic (women or mother),قضيبية (امرأة/ أو أم )
Phallic stage,مرحلة قضيبية
Phallus,قضيب
Phanopoeia,خاصية منظورة
Phantasy,هوام لاواع
Phatic Function,وظيفة مجاملة
Philology,فقه اللغة
Phobic neurosis,عصاب رهابي
Phoneme,فونيم، صوتلغوي
Phonemic Translation,ترجمة صوتية
Phonestheme,مجموعة دالة
Phonetic (s),صوتي، أصواتي/ علم الأصوات، صوتيات
Phonetic Theory,نظرية صوتية (في الترجمة)
Phonocetrism,مركزية النطق
Phonology,"صواتة (علم الأصوات الكلامية)/ علم وظائف
الأصوات"
Phonotactics,قانون تتابع الأصوات
Phrase,عبارة، شبه جملة، شبجملة
Phrase structural rule,قاعدة بنية العبارة
Phrase structure trees,أشجار بنية العبارة
Phrase-marker,واسم شبجملي (وسم العبارة)
Physicalistic,مادية (فيزيقية)
Pidginization,لغة مبسطة
Place,مكان
Plagiarism,انتحال
Plasticity of the libido,مرونة اللبيدو
Plausibility,مقبولية/ استحسان
Pleasure ego - reality ego,أنا - لذة، أنا - واقع
Pleasure principle,مبدأ اللذة
Pluralism,تعددية
Poetic function,وظيفة شعرية
Poeticity,خاصية شعرية
Polarity,قطبية
Policy,سياسة
Political correctness,تصحيح سياسي
Political rights,حقوق سياسية
Politicized,مسيس
Poll taxes,إدارج في جدول دافعي الضرائب
Pollsters,مستطلعو رأي الجمهور
Polyarchal democracy,ديمقارطية متعددة الرؤساء
Polygenetic,متعدد الجينات
Polyphony,تعدد الأصوات
Polysemy,تعدد الدلالات
Polysynthetic Language,لغات متعددة التركيب
Polysystem Theory,نظرية النسق المتعدد
Popular,شعبي
Popular influence,نفوذ شعبي
Popular Literature,أدب العامة
Popular vote,تصويت الشعب
Populist,شعبي
Pornography,إباحية
Porous frontiers,منافذ الحدود
Portmanteau,مزيج، كلمة أو عبارة منحوتة، لفظة اقترانية
Positioning of the Subject,موقعة الذات
Positive essentialism,ماهوية إيجابية
Post structuralism,ما بعد البنيوية
postcolonial translation,ترجمة ما بعد الاستعمار
Post-colonialism,ما بعد استعمارية
Post-modernism,ما بعد حداثية
Postpositions,حروف جر متأخرة
Post-socialist regimes,أنظمة حكم ما بعد فترة الاشتراكية
Post-structuralism,ما بعد البنيوية
Post-symbolism,ما بعد الرمزية
Postvelar,ما قبل حلقي
Potentates,زعماء/ متنفذون
Potential equivalence,تكافؤ بالقوة
Poverty,فقر
Power,سلطة
Power configuration,تموضع أو تمركز السلطة
Practical criticism,نقد عملي
Practice oriented,ذو توجه إلى الممارسة
Pragmatic equivalence,مكافئ مقاماتي
Pragmatics,مقاميات
Pragmatism,براغماتية
Precedent-setting texts,سوابق نصية
Preconceptions,تصورات مسبقة
Pre-conscient,ما قبل الوعي/ ما قبل الشعور
Pre-conscious,ما قبل الوعي
Predators,معتدون
Predetermined theory,نظرية سابقة التجهيز
Predicate,محمول
Preferred reading,قراءة مفضلة
Prefix,سابقة
Pre-genital,ما قبل تناسلي
Preliminaries,إجراءات تمهيدية
Preliminary norm,معيار تمهيدي(من معايير الترجمة)
Prelocutionary,قبقولي
Premature,لم ينضج بعد/ قاصر
Pre-oedipal,ما قبل أوديبي
Pre-Ontological,ما قبل الوجود (ما قبل الأنطولوجيا)
Pre-Ontological Inquiry,مبحث ما قبل الوجود
Pre-Original,ما قبل الأصل
Prescriptive,تقريري
Present participle,اسم فاعل
Presidential elections,انتخابات رئيس الجمهورية
Pressure (instinct),اندفاع/ ضغط (النزوة)
Prestige,رفعة المقام
Pretense,ادعاء
Primacy of the signifier,أولوية دال
Primal phantasies,هوامات أصلية/ أولية
Primal repression,كبت أصلي/ أولي
Primal scene,مشهد بدائي/ مشهد أصلي/ أ ولي
Primary,أولي
Primary and secondary gain from illness,كسب أولي وثانوي من المرض
Primary Identification,تماه أولي
Primary narcissism/ secondary narcissism,نرجسية أولية/ نرجسية ثانوية
Primary process - Secondary process,عملية أولية وعملية ثانوية
Prime Instance,مثال أولي
Principality,إمارة
Principle of constancy,مبدأ الثبات
Principle of neuronic inertia,مبدأ القصور (العصبي)
Principle of reality,مبدأ الواقع
Principles,مبادئ
Private,خاص
pro (PRO),ضم
PRO theorem,نظرية ضم
Problem - solving model,طراز المشكلة وتماس الحل
Procedural,إجرائي
Procedure,إجراء تحليلي
Processing,معالجة
Process-oriented description,وصف ذو توجه عملياتي/ وصف متوجه إلى المنتج
Profile,مظهر
Proform,مضمر
Projection,إسقاط
Projective identification,تماه إسقاطي
Promoters,دعاة
Proper binding condition,شرط ربط مناسب
Proper government,عمل مناسب
Prose version,صيغة نثرية
Prosodic,عروضي، تطريزي
Prosody,عروض، معلم تطريزي
Protective shield,صاد الإثارات
Proto democracies,ديمقراطيات أولى
Proto typology,تنميط أول
Prototype,طراز/ نمط أول
Prototypical Concept,تصور نمطي أول
Provincial estates,ملكيات في المقاطعات يحكمها النبلاء
Proxy,تفويض/ إنابة
Pseudo - Translation,شبه الترجمة (ترجمة في غياب الأصل)
Psychic apparatus,جهاز نفسي
Psychical conflict,صراع نفسي/ مأزم
Psychical reality,واقع نفسي
Psychical representative,ممثل نفسي
Psychical working out (over),إرصان نفسي
Psychoanalysis,تحليل نفسي
Psycholinguistics,لسانيات نفسية
Psycho-neurosis,نفاس
Psychosis,ذهان
Psycho-therapy,علاج نفساني
Public,عام
Public concord,توافق شعبي/ انسجام عام
Public politics,"سياسة عامة ""للدولة"""
Pun,تلاعب لفظي، تورية/ تلاعب بالألفاظ
Puppet state,دولة صنيعة
Pure Language,لغة خالصة
Purposeful Activity,نشاط هادف
Purposive idea,تصور - هدف
QR Quantifier Raising,رفع محدد كمي (رك)
Quadraphonic Site,موقع رباعي الأصوات
Qualitative,نوعي
Quantifiers,محددات كمية
Quasi - Cybernetic Automatic,شبه ﺁلي التحكم
Queer,لواطي
Questionnaire,استبيان/ استمارة
Quid pro quo,تعويض مقابل
Quota of affect,مقدار الانفعال
Race,عرق
Racial category,طبقة عرقية
Radiant Node,عقدة مشعة
Radical,متطرف/ جذري
Raising,رفع
Rampant,متفش
Random variable,متغير عشوائي
Rationalization,تبرير
Reaction - formation,تكوين عكسي
"Reading dominant/ Negotiated and
Oppositional",قراءة سائدة/ موضع مفاوضة وتقابلية
Realistic anxiety,قلق إزاء/ خطر واقعي
Reality - testing,اختبار الواقع
Reality denial,تنكر للواقع
Reality principle,مبدأ الواقع
Reality Testing,اختبار الواقع
Reason,سبب/ عقل
Recall,إقالة/ إلغاء
Receiving Culture,ثقافة مستقبلة
Reception,تلقي
Reciprocal,عنصر تبادلي
Reciprocally Reinforcing,تعزيز متبادل
Recontextualization,إعادة صياغة السياق
Record high,رقم عال قياسي
Redundancy,فيض
Reference,مرجع
Referendum,استفتاء
Referent,مرجع إليه
Referent Function,وظيفة إرجاعية
Referentialist,إشاري، مرجعي
Reflexivity,انعكاسية
Reform and Revolution,إصلاح وثورة
Refracted Text,نص متكسر
Regeneration,انبعاث/ تجديد
Register,لهجة خاصة/ ضرب استعمالي
Regression,نكوص
Regular,مطرد
Regulated transformation,تحويل منضبط
Relation,علاقة
Relational,عقلاني/ علائقي
Relative autonomy,نسبية الحكم الذاتي
Relative pronoun,ضمير الصلة
Relativism,نسبية (نظرية)
Relativization,تنسيب
Relevance Theory,نظرية التعلق
Relexification,تجديد المعجم
Reparation,إصلاح
Repertoire,ذخيرة/ قائمة
Repetition,تكرار
Repetition compulsion,اضطرار التكرار
Replaced language,لغة مستبدلة
Replacement,إحلال
Reporteme,وحدة إخبارية وظيفية
Representation,تمثيل/ ممثلية/ تمثيل نيابي
Representational Function,وظيفة التمثيل
Repression,كبت/ قمع
"Repudiation, foreclosure",انعدام
Reserves,محميات
Residue,بقية/ مخلفات
Resistance,مقاومة
Restricted codes,شيفرات محدودة
Retention hysteria,هستيريا الإمساك
Retrospection,استبطان/ استعادة الأحداث الماضية
Reverberation sounds,ترجيعات الأصوات
Reversal into the opposite,قلب (النزوة) إلى الضد
Rewriting rule,قاعدة إعادة الكتابة
R-Expressions,تعبيارت-ح
Rhyming translation,ترجمة مقفاة
Rights-monitoring organization,منظمة مراقبة حقوق الإنسان
Risk,مجازفة
Ritual,طقوس
Rorsch/ Berlin Foundation,قاعدة رورش/ برلين
Rotation,دوران
Russian formalism,شكلانية روسية
Sadism,سادية
Sado-masochism,سادو - مازوشية
Saga,ملحمة
Sampling,أخذ عينة
Schizophrenia,فصام
Science,علم
Scientistic,ذو قناع علمي
Scientistic Science,نزعة علمية مغالية
Scope,مدى
Scope Ambiguity,لبس مدى
Scopic,حيزي
Scores,نتائج مسجلة
Screen memory,ذكرى ساترة
Screening,حجب
Seamy web,شبكة مهترئة
Second - Hand Translation,ترجمة من الدرجة الثانية
Secondary,ثانوي
Secondary process,عملية ثانوية
Secondary revision,إرصان ثانوي
Seduction (scene of -theory of),غواية (مشهد/ نظرية- )
Segmentation,تجزيء
Segregation,تفرقة/ فصل
Seiende,موجود
Sein,الوجود
Selection Axis,محور انتقاء
Self,ذات
Self - analysis,تحليل ذاتي
Self-referentiality,ذاتية الإحالة
Self-Regulating System,نسق ذاتي التنظيم
Semantic,دلالي
Semantic Distinction,تمييز دلالي
Semantic Equivalence,تكافؤ دلالي
Semantic Reference,مرجعية دلالية
Semantics,علم الدلالة
Semeiosis/ Semiosis,سيرورة معنى
Semeiotic/ Semiotic,سيميائي
Semi - Literary,شبه أدبي
Semi-legal,شبه قانوني
Semiology,سيميولوجيا
Semiosis,إشارة سيميائية
Semiosphere,محيط سيميائي
Semiotic Square,مربع سيميائي
Semiotic Triangle,مثلث سيميائي
Semiotics,سيمياء، علم الرموز
Semiotics (Definition of),سيميائية (تعريف)
Sense,فحوى
Sex,جنس
Sexual instinct,نزوة جنسية
Sexuality,جنسانية/ جنسية
Sham,مخادع/ صوري
Shantytown,مدينة الأكواخ
Shift,تحول/ تغير بديل
Shifters,متغيارت دلالية
Sign,علامة/ إشارة/ رمز
Signal of anxiety,إشارة القلق
Significant,دال
Signification,دلالة
Signified,مدلول
Signifier,دال
Signifying Practices,ممارسات دالة
Silent Non-Entity,لاكيان صامت
Similarity,تماثل
Simile,تشبيه
Simple Sign,إشارة بسيطة
Simulacrum,صور زائفة
Simulations of democracy,أشباه زائفة للديمقارطية
"Single articulation, codes with",تمفصل مفرد، شيفرات مع
Situation management,إدارة موقف
Skillful aiming,استهداف حاذق
Skopos And Commission,غاية وتفويض (نظرية)
Slips of the tongue,عثرات لسان
Social convention,عرف اجتماعي
Socialism,اشتاركية
Socialist regime,نظام حكم اشتاركي
Societal,مجتمعي
Society,مجتمع
Sociolects,لهجات اجتماعية
Socio-Linguistics,لسانيات اجتماعية
Socioprofile,مظهر اجتماعي
Sojourn,إقامة مؤقتة
Solecism,لحن، ركاكة
Somatic compliance,مسايرة جسدية/ تواطؤ
Source - Culture,ثقافة - مصدر
Source Language (SL),لغة المصدر
Source of instinct,مصدر النزوة
Source Text,نص مصدر
Source-Text Oriented,ذات توجه إلى النص - المصدر
Sovereign courts,هيئات محاكم مستقلة
Sovereignty,سيادة
Space,فضاء
Specific action,فعل نوعي
Specific meaning,معنى متعين
Specific pair - bound,ثنائي التحديد
Specified,مخصص
Spectacle,مشهد
Speech,كلام/ خطاب
Speech act,فعل كلامي (نظرية)
Speech community,عشيرة لغوية
Spelling,تهجية/ نطق
Splitting of the ego,انشطار الأنا
Splitting of the object,انشطار الموضوع
Spoonerism,قلب عرضي، تبادل صوتي، زلة لسان تبادلية
Spurts,اندفاعات مفاجئة
Squared translation,ترجمة مربعة
S-Structure surface structure,بنية سطحية (بنية - س)
Stakes,رهانات
Stalemate,ورطة
Standardization,تقييس
Standing sentence,جملة ماثلة (جاهزة)
State,دولة
State capacity,قدرة الدولة
State enterprises,مشاريع الدولة
Static Theory,نظرية سكونية
Stative,سكوني
Stereotyped,مقولب
Stickler,متشدد/ متمسك بالأصول
Stigmatized,موصومون
Stochastic,احتمالي
Strategic essentialism,جوهرية الاستارتيجية
Stratification,تنضيد
Stratification,طبقية
Stratified model,طراز نظري طبقي
Stream of consciousness,تيار الوعي
Structural,تركيبي، بنيوي
Structural grouping,مجموع تركيبي
Structuralism,بنيوية
Structuralism,بنيوية
Structuralism taxonomic,بنيوية تصنيفية
Structuralist,بنيوي
Structure,تركيب، بنية
Structure dependent,يعتمد على البنية
Structure-independent,مستقل عن البنية
Stylistic,أسلوبية
Subaltern consciousness,وعي تابع
Subaltern studies,دراسة ظاهرة التبعية
Subconscious,ما دون الوعي/ ما دون الشعور
Subconscious associations,استدعاء شبه الواعي
Subjacency,تحتية
Subject,شخص، متكلم/ ذات/ فاعل
Subject Agreement Phrase (AgrSP),عبارة تطابق فاعل (ع تطف)
Subject-Control,مارقبة فاعل
Subject-Object Asymmetry,لا تماثل فاعل ومفعول
Sublimation,تسام
Subordination,تبعية
Substantialism,مذهب الجوهر (الجوهرية)
Substitute,بديل
Substitution test,اختبار تعويض
Substitutive formation,تكوين بديل
Substrate language,لغة طبقة دنيا
Subtext,نص فرعي/ خبيء
Subtheory,نظرية فرعية (مشتقة)
Successive cyclic hypothesis,فرضية دورية متتابعة
Sudden insight,استبصار صادم
Suffix,لاصقة
Suffrage,تصويت/ حق الانتخاب
Suggestiveness,إيحائية
Sum of excitation,مجموع الإثارة
Super ego,أنا أعلى
Super-raising,رفع أعظم
Superstrate language,لغة طبقة عليا
Supervised analysis,تحليل نفسي خاضع للإشارف
Suppression,قمع
Surface structure,بنية ظاهرة
Surges,اندفاعات
Surveillance,إشارف/ مارقبة
Susceptibility,تعرض/ تأثر/ حساسية
Sustaining resources,موارد مستدامة
Syllable,مقطع
Symbol,رمز
Symbolic,رمزي
Symbolic realization,تحقيق رمزي
Symbolism,رمزية
Symptom - formation,تكوين العارض
Symptomatic analysis,تحليل تشخيصي
Symptomatic reading,قراءة تشخيصية
Synchronic,تازمني، متزامن/ ﺁني
Synchronic analysis,تحليل تازمني
Synchrony,تواقت/ تازمن
Synecdoche,مجاز مرسل/ مجاز الجزئية/ الكلية
Synergic,دؤوب/ متعاون
Syntactic category,فصيلة نحوية
Syntactic equivalence,تكافؤ نحوي(تركيبي)
Syntagm,تركيب/ سلسلة الوحدات، معلم نحوي، نسق تتابعي
Syntagmatic,نسقي
Syntagmatic analysis,تحليل تركيبي
Syntagmatic aspect,اعتبار نظمي (أفقي/ تتابعي)
Syntax,تركيب/ نحو، علم تشكل الجمل والعبارات
System,نظام/ منظومة
System of systems,نسق الأنساق
Systemic,نسقي/ نظامي
Systemic law,قانون نسقي
Tabulation,جدولة
Tacit knowledge,معرفة ضمنية
Talk-aloud protocol,سجل وقائع الحديث الجهري
Target culture,ثقافة مستهدفة
Target language (TL),لغة الهدف
Target text,نص مستهدف
Target-text oriented,ذات توجه إلى النص المستهدف(نظرية)
Taste,ذوق
Tax codes,قوانين فرض و جباية الضرائب
Taxonomic,تصنيفي
Technical Juxtaposition,تضام تقني
Technology,تكنولوجيا
Telos,مركز/ منتهى
Templates,طبعات
Temporality,زمنية
Tempos,سرعات
Tenants,مستأجرون
Tenderness,حنان
Tense,زمن
Tense Phrase (TP),عبارة زمن (ع ز)
Territoriality,إقليمية
Tertiary Hybridization,تهجين ثلثي
Tertium Comparationis,قسيم ثالث
Test cases,حالات اختبار
Text,نص
Text Linguistics,لسانيات نصية
Text Typology,علم تنميط النص
Texteme,وحدة نصية وظيفية
Textemic,نصي وظيفي
Textual coherence,احتباك نصي
Textual grid,شبكة اتصال نصي
Textual norms,معايير نصية
Textual reference,مرجعية نصية
Thanatos,تاناتوس(نزوة الموت)
The West,الغرب
Thematic,موضوعاتي
Thematic concept,مفهوم موضوعاتي
Theme,محور
Theocracy,طبقة رجال الدين
Theoretical,نظري
Theory,نظرية
Therapy,علاج
Thing presentation - word presentation,تصور الشيء/ وتصور الكلمة
Threshold,عتبة/ مستهل
Thrust,قوة دافعة
Time,زمان
Tolerance,تسامح
Tongue twister,عثورة لسان
Top - Down work,عمل ذو اتجاه نازل
Topicalization,موضعة
Topicalizing,تصنيف موضوعي
"Topography, topographical",موقعي
Total equivalence,تكافؤ تام (كلمة لكلمة)
Tourism,سياحة
Trace,أثر
Training analysis,تحليل تعليمي
Trajectory,مسار يتخذه الحكم
Trancendable,قابلية للتجاوز
Transcendent (al) signified,مدلول تجاوزي
Transcendental fact,حقيقة عليا
Transcendental signified,مدلول متعال
Transcreation,اختراق إبداعي
Transcription,كتابة صوتية
Transfer oriented,ذو توجه إلى التحويل (اتجاه)
Transference,نقلة/ تحويل
Transference neurosis,عصاب النقلة
Transformation (rules),تحويل (قواعده)
Transformational,تحويلي
Transformational rule,قاعدة تحويلية
Transformations,تحويلات
Transgression,انتهاك
Transillumination,اختراق تنويري
Transitional object,موضوع انتقالي
Transitive,متعد
Transitive Expletive Construction (TEC),تركيب حشوي متعدي(تح ع)
Translatability,قابلية للترجمة
Translation,ترجمة
Translation studies,دراسات ترجمية
Translation theory,نظرية ترجمة
Translatorial relativity,نسبية ترجمية (بين المترجمي)
Translotorese,مترجم سقيم الترجمة
Transluciferation,اختراق إشعاعي
Transmission model of communication,نموذج إرسال للتواصل
Transparent translation,ترجمة صريحة
Transtextualization,اختراق التشكيل النصي
Trauma,صدمة (نفسية)/ هلع
Traumatic hysteria,هستيريا صدمية/ هلعية
Traumatic neurosis,عصاب صدمي/ هلعي
Travails,متاعب مريرة
Tributary territories,مناطق تابعة للدولة دافعة للجزية
Tribute,إتاوة
Trigger-Words,كلمات محفزة
Triglossia,ثلاثية لغوية
Tropes,صورة بلاغية
True meaning,معنى حقيقي
True translation,ترجمة دقيقة
Truncated,مبتور/ مقتضب
Trust,ثقة
Turning round upon the subject’s own self,ارتداد على الشخص ذاته
Turnout,صافي الأرباح
Two-Place predicate,محمول ذو مكانين
Tycoons,ملوك المال
Type/ token (s),نمط/ تحقق (علاقة)/ أنماط ونماذج
Typologizing,تصنيف تنميطي
Typology,نمطية
Tyranny,طغيان
Unarticulated Codes,شيفرات غير متمفصلة
Unconscious,لاوعي/ لاواع/ لا شعور
Unconscious Association,استدعاء غير الواعي
Underlying,باطني، كامن/ مضمر
Underlying-Level,مستوى مضمر (مستتر)
Undoing (What has been done),إلغاء رجعي
Ungrounded Difference,اختلاف بلا أرضية
Unified Work,عمل متوحد
Uniformitarian Principle,مبدأ التماثل
Uninflected Form,صورة غير متصرفة
Universal,جامع/ كلي (ج. جوامع/ كليات)
Universal Grammar,قواعد كلية
Universal Quantifier Variable,محدد كمي كلي متغير
Universals Translation,جوامع ترجمية
Unlimited Semiotics,سيرورة معنى غير محدودة
Unstratified System,نسق مصمت
Untouchable original,أصل محصن (غير قابل للمساس)
Urbanization,تحضر
Urethral erotism,غلمة بولية
Utopia,يوتوبيا
Value,قيمة
Value-Free method,منهج لاتقويمي
Variability,تنوعية/ تنوع(مقولة/ سمة تعبيرية)
Variation,تنوع
Variation in regimes,تنوع أنظمة الحكم
Variation Theory,نظرية التنوع
Verb,فعل
Verb Raising,رفع الفعل
Verbal function,وظيفة لفظية
Verisimilitude,شبه الحقيقة، محاكاة
Virtual,افتراضي
Visibility,شفافية
Visibility condition,شرط الرؤية
Vitriolic,لاذع/ قاس
Vortex,دوامة
Vorticism,دوامية
Weak crossover,عبور ضعيف
Welfare,رفاهية/ شؤون اجتماعية
Wh-Clefts,جمل مشقوقة بميم
Wh-Expression,تعبير - ميم
Wh-Island,جزيرة - ميم
Wh-Movement,حركة - ميم
Wh-Questions,أسئلة - ميم
Wh-Word,كلمة - ميم
Wild analysis,تحليل نفسي وحشي
Wildcatters,منقبون في مناطق مجهولة
Wish,رغبة
Wish fulfillment,إنجاز الرغبة
Witchcraft,سحر وسحرة
Withdrawal of cathexis,سحب التوظيف
Work,عمل
Work of mourning,عمل الحداد
Working - through,عمل الاستيعاب
Working off mechanisms,(أوالية- )
Working on mechanisms,أواليات تخلص
Workshop Translation,ورشة الترجمة
World Bank,البنك الدولي
Writing,كتابة
X 2 -Theory,نظرية - س 2
X 8 -Movement,حركة - س 8
y - Criterion,معيار - م
y -Roles,أدوار - م
y -Theory,نظرية - م
Youth,شباب
Zealotry,تعصب
